
C:\Users\Arne\AppData\Local\arduino\sketches\7306C33B4F26B4A06F2120CE4B5A0D09/Transmitter.ino.elf:     file format elf32-avr


Disassembly of section .text:

00000000 <__vectors>:
__vectors():
   0:	3f c0       	rjmp	.+126    	; 0x80 <__ctors_end>
   2:	63 c0       	rjmp	.+198    	; 0xca <__bad_interrupt>
   4:	62 c0       	rjmp	.+196    	; 0xca <__bad_interrupt>
   6:	61 c0       	rjmp	.+194    	; 0xca <__bad_interrupt>
   8:	60 c0       	rjmp	.+192    	; 0xca <__bad_interrupt>
   a:	5f c0       	rjmp	.+190    	; 0xca <__bad_interrupt>
   c:	ec c2       	rjmp	.+1496   	; 0x5e6 <__vector_6>
   e:	5d c0       	rjmp	.+186    	; 0xca <__bad_interrupt>
  10:	5c c0       	rjmp	.+184    	; 0xca <__bad_interrupt>
  12:	5b c0       	rjmp	.+182    	; 0xca <__bad_interrupt>
  14:	5a c0       	rjmp	.+180    	; 0xca <__bad_interrupt>
  16:	59 c0       	rjmp	.+178    	; 0xca <__bad_interrupt>
  18:	58 c0       	rjmp	.+176    	; 0xca <__bad_interrupt>
  1a:	57 c0       	rjmp	.+174    	; 0xca <__bad_interrupt>
  1c:	56 c0       	rjmp	.+172    	; 0xca <__bad_interrupt>
  1e:	55 c0       	rjmp	.+170    	; 0xca <__bad_interrupt>
  20:	54 c0       	rjmp	.+168    	; 0xca <__bad_interrupt>
  22:	53 c0       	rjmp	.+166    	; 0xca <__bad_interrupt>
  24:	52 c0       	rjmp	.+164    	; 0xca <__bad_interrupt>
  26:	51 c0       	rjmp	.+162    	; 0xca <__bad_interrupt>
  28:	50 c0       	rjmp	.+160    	; 0xca <__bad_interrupt>

0000002a <__trampolines_end>:
__trampolines_start():
  2a:	00 00       	nop
  2c:	00 00       	nop
  2e:	00 00       	nop
  30:	00 02       	muls	r16, r16
  32:	00 00       	nop
  34:	00 01       	movw	r0, r0
  36:	03 04       	cpc	r0, r3
  38:	00 00       	nop
	...

0000003c <digital_pin_to_bit_mask_PGM>:
  3c:	01 02 02 01 04 08 10 20 40 01 02 04 08 10 20 40     ....... @..... @
  4c:	80 04                                               ..

0000004e <digital_pin_to_port_PGM>:
  4e:	04 04 01 01 04 04 04 04 04 02 02 02 02 02 02 02     ................
  5e:	02 01                                               ..

00000060 <port_to_input_PGM>:
  60:	00 00 39 00 36 00 00 00 30 00                       ..9.6...0.

0000006a <port_to_output_PGM>:
  6a:	00 00 3b 00 38 00 00 00 32 00                       ..;.8...2.

00000074 <port_to_mode_PGM>:
  74:	00 00 3a 00 37 00 00 00 31 00                       ..:.7...1.

0000007e <__ctors_start>:
__ctors_start():
  7e:	38 01       	movw	r6, r16

00000080 <__ctors_end>:
__dtors_end():
  80:	11 24       	eor	r1, r1
  82:	1f be       	out	0x3f, r1	; 63
  84:	cf e5       	ldi	r28, 0x5F	; 95
  86:	d1 e0       	ldi	r29, 0x01	; 1
  88:	de bf       	out	0x3e, r29	; 62
  8a:	cd bf       	out	0x3d, r28	; 61

0000008c <__do_copy_data>:
__do_copy_data():
/home/jenkins-mingw32/workspace/avr-gcc-staging/label/Ubuntu14.04x64-mingw32/gcc-build/avr/avr25/libgcc/../../../../gcc/libgcc/config/avr/lib1funcs.S:2409
  8c:	10 e0       	ldi	r17, 0x00	; 0
/home/jenkins-mingw32/workspace/avr-gcc-staging/label/Ubuntu14.04x64-mingw32/gcc-build/avr/avr25/libgcc/../../../../gcc/libgcc/config/avr/lib1funcs.S:2410
  8e:	a0 e6       	ldi	r26, 0x60	; 96
/home/jenkins-mingw32/workspace/avr-gcc-staging/label/Ubuntu14.04x64-mingw32/gcc-build/avr/avr25/libgcc/../../../../gcc/libgcc/config/avr/lib1funcs.S:2411
  90:	b0 e0       	ldi	r27, 0x00	; 0
/home/jenkins-mingw32/workspace/avr-gcc-staging/label/Ubuntu14.04x64-mingw32/gcc-build/avr/avr25/libgcc/../../../../gcc/libgcc/config/avr/lib1funcs.S:2412
  92:	ee ea       	ldi	r30, 0xAE	; 174
/home/jenkins-mingw32/workspace/avr-gcc-staging/label/Ubuntu14.04x64-mingw32/gcc-build/avr/avr25/libgcc/../../../../gcc/libgcc/config/avr/lib1funcs.S:2413
  94:	fe e0       	ldi	r31, 0x0E	; 14
/home/jenkins-mingw32/workspace/avr-gcc-staging/label/Ubuntu14.04x64-mingw32/gcc-build/avr/avr25/libgcc/../../../../gcc/libgcc/config/avr/lib1funcs.S:2414
  96:	02 c0       	rjmp	.+4      	; 0x9c <__do_copy_data+0x10>
/home/jenkins-mingw32/workspace/avr-gcc-staging/label/Ubuntu14.04x64-mingw32/gcc-build/avr/avr25/libgcc/../../../../gcc/libgcc/config/avr/lib1funcs.S:2417
  98:	05 90       	lpm	r0, Z+
/home/jenkins-mingw32/workspace/avr-gcc-staging/label/Ubuntu14.04x64-mingw32/gcc-build/avr/avr25/libgcc/../../../../gcc/libgcc/config/avr/lib1funcs.S:2422
  9a:	0d 92       	st	X+, r0
/home/jenkins-mingw32/workspace/avr-gcc-staging/label/Ubuntu14.04x64-mingw32/gcc-build/avr/avr25/libgcc/../../../../gcc/libgcc/config/avr/lib1funcs.S:2424
  9c:	ae 36       	cpi	r26, 0x6E	; 110
/home/jenkins-mingw32/workspace/avr-gcc-staging/label/Ubuntu14.04x64-mingw32/gcc-build/avr/avr25/libgcc/../../../../gcc/libgcc/config/avr/lib1funcs.S:2425
  9e:	b1 07       	cpc	r27, r17
/home/jenkins-mingw32/workspace/avr-gcc-staging/label/Ubuntu14.04x64-mingw32/gcc-build/avr/avr25/libgcc/../../../../gcc/libgcc/config/avr/lib1funcs.S:2426
  a0:	d9 f7       	brne	.-10     	; 0x98 <__do_copy_data+0xc>

000000a2 <__do_clear_bss>:
__do_clear_bss():
/home/jenkins-mingw32/workspace/avr-gcc-staging/label/Ubuntu14.04x64-mingw32/gcc-build/avr/avr25/libgcc/../../../../gcc/libgcc/config/avr/lib1funcs.S:2441
  a2:	20 e0       	ldi	r18, 0x00	; 0
/home/jenkins-mingw32/workspace/avr-gcc-staging/label/Ubuntu14.04x64-mingw32/gcc-build/avr/avr25/libgcc/../../../../gcc/libgcc/config/avr/lib1funcs.S:2442
  a4:	ae e6       	ldi	r26, 0x6E	; 110
/home/jenkins-mingw32/workspace/avr-gcc-staging/label/Ubuntu14.04x64-mingw32/gcc-build/avr/avr25/libgcc/../../../../gcc/libgcc/config/avr/lib1funcs.S:2443
  a6:	b0 e0       	ldi	r27, 0x00	; 0
/home/jenkins-mingw32/workspace/avr-gcc-staging/label/Ubuntu14.04x64-mingw32/gcc-build/avr/avr25/libgcc/../../../../gcc/libgcc/config/avr/lib1funcs.S:2444
  a8:	01 c0       	rjmp	.+2      	; 0xac <.do_clear_bss_start>

000000aa <.do_clear_bss_loop>:
/home/jenkins-mingw32/workspace/avr-gcc-staging/label/Ubuntu14.04x64-mingw32/gcc-build/avr/avr25/libgcc/../../../../gcc/libgcc/config/avr/lib1funcs.S:2446
  aa:	1d 92       	st	X+, r1

000000ac <.do_clear_bss_start>:
/home/jenkins-mingw32/workspace/avr-gcc-staging/label/Ubuntu14.04x64-mingw32/gcc-build/avr/avr25/libgcc/../../../../gcc/libgcc/config/avr/lib1funcs.S:2448
  ac:	a8 3b       	cpi	r26, 0xB8	; 184
/home/jenkins-mingw32/workspace/avr-gcc-staging/label/Ubuntu14.04x64-mingw32/gcc-build/avr/avr25/libgcc/../../../../gcc/libgcc/config/avr/lib1funcs.S:2449
  ae:	b2 07       	cpc	r27, r18
/home/jenkins-mingw32/workspace/avr-gcc-staging/label/Ubuntu14.04x64-mingw32/gcc-build/avr/avr25/libgcc/../../../../gcc/libgcc/config/avr/lib1funcs.S:2450
  b0:	e1 f7       	brne	.-8      	; 0xaa <.do_clear_bss_loop>

000000b2 <__do_global_ctors>:
__do_global_ctors():
/home/jenkins-mingw32/workspace/avr-gcc-staging/label/Ubuntu14.04x64-mingw32/gcc-build/avr/avr25/libgcc/../../../../gcc/libgcc/config/avr/lib1funcs.S:2466
  b2:	10 e0       	ldi	r17, 0x00	; 0
/home/jenkins-mingw32/workspace/avr-gcc-staging/label/Ubuntu14.04x64-mingw32/gcc-build/avr/avr25/libgcc/../../../../gcc/libgcc/config/avr/lib1funcs.S:2467
  b4:	c0 e4       	ldi	r28, 0x40	; 64
/home/jenkins-mingw32/workspace/avr-gcc-staging/label/Ubuntu14.04x64-mingw32/gcc-build/avr/avr25/libgcc/../../../../gcc/libgcc/config/avr/lib1funcs.S:2468
  b6:	d0 e0       	ldi	r29, 0x00	; 0
/home/jenkins-mingw32/workspace/avr-gcc-staging/label/Ubuntu14.04x64-mingw32/gcc-build/avr/avr25/libgcc/../../../../gcc/libgcc/config/avr/lib1funcs.S:2472
  b8:	03 c0       	rjmp	.+6      	; 0xc0 <__do_global_ctors+0xe>
/home/jenkins-mingw32/workspace/avr-gcc-staging/label/Ubuntu14.04x64-mingw32/gcc-build/avr/avr25/libgcc/../../../../gcc/libgcc/config/avr/lib1funcs.S:2474
  ba:	21 97       	sbiw	r28, 0x01	; 1
/home/jenkins-mingw32/workspace/avr-gcc-staging/label/Ubuntu14.04x64-mingw32/gcc-build/avr/avr25/libgcc/../../../../gcc/libgcc/config/avr/lib1funcs.S:2480
  bc:	fe 01       	movw	r30, r28
/home/jenkins-mingw32/workspace/avr-gcc-staging/label/Ubuntu14.04x64-mingw32/gcc-build/avr/avr25/libgcc/../../../../gcc/libgcc/config/avr/lib1funcs.S:2481
  be:	1e d4       	rcall	.+2108   	; 0x8fc <__tablejump2__>
/home/jenkins-mingw32/workspace/avr-gcc-staging/label/Ubuntu14.04x64-mingw32/gcc-build/avr/avr25/libgcc/../../../../gcc/libgcc/config/avr/lib1funcs.S:2483
  c0:	cf 33       	cpi	r28, 0x3F	; 63
/home/jenkins-mingw32/workspace/avr-gcc-staging/label/Ubuntu14.04x64-mingw32/gcc-build/avr/avr25/libgcc/../../../../gcc/libgcc/config/avr/lib1funcs.S:2484
  c2:	d1 07       	cpc	r29, r17
/home/jenkins-mingw32/workspace/avr-gcc-staging/label/Ubuntu14.04x64-mingw32/gcc-build/avr/avr25/libgcc/../../../../gcc/libgcc/config/avr/lib1funcs.S:2489
  c4:	d1 f7       	brne	.-12     	; 0xba <__do_global_ctors+0x8>
  c6:	8b d2       	rcall	.+1302   	; 0x5de <main>
  c8:	f0 c6       	rjmp	.+3552   	; 0xeaa <_exit>

000000ca <__bad_interrupt>:
__vector_1():
  ca:	9a cf       	rjmp	.-204    	; 0x0 <__vectors>

000000cc <READ_VOLTAGE_1()>:
_Z14READ_VOLTAGE_1v():
C:\Users\Arne\Documents\Arduino\Attiny4313TransmitterTinyRF\Transmitter\Attiny4313RF\Transmitter/Main.cpp:8
#include "Transmit.h"

DHT dht(DHTPIN, DHTTYPE);

void READ_VOLTAGE_1(){
voltagepin1 = digitalRead(READ_VOLTAGE_PIN_1);
  cc:	84 e0       	ldi	r24, 0x04	; 4
  ce:	c0 d3       	rcall	.+1920   	; 0x850 <digitalRead>
  d0:	90 93 7f 00 	sts	0x007F, r25	; 0x80007f <voltagepin1+0x1>
  d4:	80 93 7e 00 	sts	0x007E, r24	; 0x80007e <voltagepin1>
C:\Users\Arne\Documents\Arduino\Attiny4313TransmitterTinyRF\Transmitter\Attiny4313RF\Transmitter/Main.cpp:9
voltagepin2 = digitalRead(READ_VOLTAGE_PIN_2);
  d8:	87 e0       	ldi	r24, 0x07	; 7
  da:	ba d3       	rcall	.+1908   	; 0x850 <digitalRead>
  dc:	90 93 7d 00 	sts	0x007D, r25	; 0x80007d <voltagepin2+0x1>
  e0:	80 93 7c 00 	sts	0x007C, r24	; 0x80007c <voltagepin2>
C:\Users\Arne\Documents\Arduino\Attiny4313TransmitterTinyRF\Transmitter\Attiny4313RF\Transmitter/Main.cpp:10
}
  e4:	08 95       	ret

000000e6 <DHT_GET_VALUES()>:
_Z14DHT_GET_VALUESv():
C:\Users\Arne\Documents\Arduino\Attiny4313TransmitterTinyRF\Transmitter\Attiny4313RF\Transmitter/Main.cpp:13

void DHT_GET_VALUES() {
  h = dht.readHumidity();
  e6:	8e e6       	ldi	r24, 0x6E	; 110
  e8:	90 e0       	ldi	r25, 0x00	; 0
  ea:	c1 d1       	rcall	.+898    	; 0x46e <DHT::readHumidity()>
  ec:	90 e0       	ldi	r25, 0x00	; 0
  ee:	90 93 ad 00 	sts	0x00AD, r25	; 0x8000ad <h+0x1>
  f2:	80 93 ac 00 	sts	0x00AC, r24	; 0x8000ac <h>
C:\Users\Arne\Documents\Arduino\Attiny4313TransmitterTinyRF\Transmitter\Attiny4313RF\Transmitter/Main.cpp:14
  t = dht.readTemperature();
  f6:	60 e0       	ldi	r22, 0x00	; 0
  f8:	8e e6       	ldi	r24, 0x6E	; 110
  fa:	90 e0       	ldi	r25, 0x00	; 0
  fc:	83 d1       	rcall	.+774    	; 0x404 <DHT::readTemperature(bool)>
  fe:	90 93 ab 00 	sts	0x00AB, r25	; 0x8000ab <t+0x1>
 102:	80 93 aa 00 	sts	0x00AA, r24	; 0x8000aa <t>
C:\Users\Arne\Documents\Arduino\Attiny4313TransmitterTinyRF\Transmitter\Attiny4313RF\Transmitter/Main.cpp:15
}
 106:	08 95       	ret

00000108 <DIPSWITCHES()>:
_Z11DIPSWITCHESv():
C:\Users\Arne\Documents\Arduino\Attiny4313TransmitterTinyRF\Transmitter\Attiny4313RF\Transmitter/Main.cpp:18

int DIPSWITCHES() {
  switchValue = 0;
 108:	10 92 a9 00 	sts	0x00A9, r1	; 0x8000a9 <switchValue+0x1>
 10c:	10 92 a8 00 	sts	0x00A8, r1	; 0x8000a8 <switchValue>
C:\Users\Arne\Documents\Arduino\Attiny4313TransmitterTinyRF\Transmitter\Attiny4313RF\Transmitter/Main.cpp:19
  switchValue |= (!digitalRead(DIPPIN_1)) << 0;
 110:	88 e0       	ldi	r24, 0x08	; 8
 112:	9e d3       	rcall	.+1852   	; 0x850 <digitalRead>
 114:	21 e0       	ldi	r18, 0x01	; 1
 116:	30 e0       	ldi	r19, 0x00	; 0
 118:	89 2b       	or	r24, r25
 11a:	11 f0       	breq	.+4      	; 0x120 <DIPSWITCHES()+0x18>
 11c:	30 e0       	ldi	r19, 0x00	; 0
 11e:	20 e0       	ldi	r18, 0x00	; 0
 120:	80 91 a8 00 	lds	r24, 0x00A8	; 0x8000a8 <switchValue>
 124:	90 91 a9 00 	lds	r25, 0x00A9	; 0x8000a9 <switchValue+0x1>
 128:	82 2b       	or	r24, r18
 12a:	93 2b       	or	r25, r19
 12c:	90 93 a9 00 	sts	0x00A9, r25	; 0x8000a9 <switchValue+0x1>
 130:	80 93 a8 00 	sts	0x00A8, r24	; 0x8000a8 <switchValue>
C:\Users\Arne\Documents\Arduino\Attiny4313TransmitterTinyRF\Transmitter\Attiny4313RF\Transmitter/Main.cpp:20
  switchValue |= (!digitalRead(DIPPIN_2)) << 1;
 134:	89 e0       	ldi	r24, 0x09	; 9
 136:	8c d3       	rcall	.+1816   	; 0x850 <digitalRead>
 138:	30 e0       	ldi	r19, 0x00	; 0
 13a:	20 e0       	ldi	r18, 0x00	; 0
 13c:	89 2b       	or	r24, r25
 13e:	11 f4       	brne	.+4      	; 0x144 <DIPSWITCHES()+0x3c>
 140:	22 e0       	ldi	r18, 0x02	; 2
 142:	30 e0       	ldi	r19, 0x00	; 0
C:\Users\Arne\Documents\Arduino\Attiny4313TransmitterTinyRF\Transmitter\Attiny4313RF\Transmitter/Main.cpp:20 (discriminator 4)
 144:	80 91 a8 00 	lds	r24, 0x00A8	; 0x8000a8 <switchValue>
 148:	90 91 a9 00 	lds	r25, 0x00A9	; 0x8000a9 <switchValue+0x1>
 14c:	82 2b       	or	r24, r18
 14e:	93 2b       	or	r25, r19
 150:	90 93 a9 00 	sts	0x00A9, r25	; 0x8000a9 <switchValue+0x1>
 154:	80 93 a8 00 	sts	0x00A8, r24	; 0x8000a8 <switchValue>
C:\Users\Arne\Documents\Arduino\Attiny4313TransmitterTinyRF\Transmitter\Attiny4313RF\Transmitter/Main.cpp:21 (discriminator 4)
  switchValue |= (!digitalRead(DIPPIN_3)) << 2;
 158:	8a e0       	ldi	r24, 0x0A	; 10
 15a:	7a d3       	rcall	.+1780   	; 0x850 <digitalRead>
 15c:	30 e0       	ldi	r19, 0x00	; 0
 15e:	20 e0       	ldi	r18, 0x00	; 0
 160:	89 2b       	or	r24, r25
 162:	11 f4       	brne	.+4      	; 0x168 <__stack+0x9>
C:\Users\Arne\Documents\Arduino\Attiny4313TransmitterTinyRF\Transmitter\Attiny4313RF\Transmitter/Main.cpp:21
 164:	24 e0       	ldi	r18, 0x04	; 4
 166:	30 e0       	ldi	r19, 0x00	; 0
C:\Users\Arne\Documents\Arduino\Attiny4313TransmitterTinyRF\Transmitter\Attiny4313RF\Transmitter/Main.cpp:21 (discriminator 4)
 168:	80 91 a8 00 	lds	r24, 0x00A8	; 0x8000a8 <switchValue>
 16c:	90 91 a9 00 	lds	r25, 0x00A9	; 0x8000a9 <switchValue+0x1>
 170:	82 2b       	or	r24, r18
 172:	93 2b       	or	r25, r19
 174:	90 93 a9 00 	sts	0x00A9, r25	; 0x8000a9 <switchValue+0x1>
 178:	80 93 a8 00 	sts	0x00A8, r24	; 0x8000a8 <switchValue>
C:\Users\Arne\Documents\Arduino\Attiny4313TransmitterTinyRF\Transmitter\Attiny4313RF\Transmitter/Main.cpp:22 (discriminator 4)
  switchValue |= (!digitalRead(DIPPIN_4)) << 3;
 17c:	8b e0       	ldi	r24, 0x0B	; 11
 17e:	68 d3       	rcall	.+1744   	; 0x850 <digitalRead>
 180:	89 2b       	or	r24, r25
 182:	69 f0       	breq	.+26     	; 0x19e <__stack+0x3f>
C:\Users\Arne\Documents\Arduino\Attiny4313TransmitterTinyRF\Transmitter\Attiny4313RF\Transmitter/Main.cpp:22
 184:	90 e0       	ldi	r25, 0x00	; 0
 186:	80 e0       	ldi	r24, 0x00	; 0
C:\Users\Arne\Documents\Arduino\Attiny4313TransmitterTinyRF\Transmitter\Attiny4313RF\Transmitter/Main.cpp:22 (discriminator 4)
 188:	20 91 a8 00 	lds	r18, 0x00A8	; 0x8000a8 <switchValue>
 18c:	30 91 a9 00 	lds	r19, 0x00A9	; 0x8000a9 <switchValue+0x1>
 190:	82 2b       	or	r24, r18
 192:	93 2b       	or	r25, r19
 194:	90 93 a9 00 	sts	0x00A9, r25	; 0x8000a9 <switchValue+0x1>
 198:	80 93 a8 00 	sts	0x00A8, r24	; 0x8000a8 <switchValue>
C:\Users\Arne\Documents\Arduino\Attiny4313TransmitterTinyRF\Transmitter\Attiny4313RF\Transmitter/Main.cpp:24 (discriminator 4)
  return switchValue;
}
 19c:	08 95       	ret
C:\Users\Arne\Documents\Arduino\Attiny4313TransmitterTinyRF\Transmitter\Attiny4313RF\Transmitter/Main.cpp:22
int DIPSWITCHES() {
  switchValue = 0;
  switchValue |= (!digitalRead(DIPPIN_1)) << 0;
  switchValue |= (!digitalRead(DIPPIN_2)) << 1;
  switchValue |= (!digitalRead(DIPPIN_3)) << 2;
  switchValue |= (!digitalRead(DIPPIN_4)) << 3;
 19e:	88 e0       	ldi	r24, 0x08	; 8
 1a0:	90 e0       	ldi	r25, 0x00	; 0
 1a2:	f2 cf       	rjmp	.-28     	; 0x188 <__stack+0x29>

000001a4 <TRANSMIT_VALUES()>:
_Z11TRANSMIT_VALUESv():
C:\Users\Arne\Documents\Arduino\Attiny4313TransmitterTinyRF\Transmitter\Attiny4313RF\Transmitter/Main.cpp:27
  return switchValue;
}

void TRANSMIT_VALUES() {  
  int dipValue = DIPSWITCHES();
 1a4:	b1 df       	rcall	.-158    	; 0x108 <DIPSWITCHES()>
C:\Users\Arne\Documents\Arduino\Attiny4313TransmitterTinyRF\Transmitter\Attiny4313RF\Transmitter/Main.cpp:30

  for (int i = 0; i < 4; i++) {
    TRANSMIT_BUFFER[i] = 0;
 1a6:	10 92 a1 00 	sts	0x00A1, r1	; 0x8000a1 <TRANSMIT_BUFFER+0x1>
 1aa:	10 92 a0 00 	sts	0x00A0, r1	; 0x8000a0 <TRANSMIT_BUFFER>
 1ae:	10 92 a3 00 	sts	0x00A3, r1	; 0x8000a3 <TRANSMIT_BUFFER+0x3>
 1b2:	10 92 a2 00 	sts	0x00A2, r1	; 0x8000a2 <TRANSMIT_BUFFER+0x2>
 1b6:	10 92 a5 00 	sts	0x00A5, r1	; 0x8000a5 <TRANSMIT_BUFFER+0x5>
 1ba:	10 92 a4 00 	sts	0x00A4, r1	; 0x8000a4 <TRANSMIT_BUFFER+0x4>
 1be:	10 92 a7 00 	sts	0x00A7, r1	; 0x8000a7 <TRANSMIT_BUFFER+0x7>
 1c2:	10 92 a6 00 	sts	0x00A6, r1	; 0x8000a6 <TRANSMIT_BUFFER+0x6>
C:\Users\Arne\Documents\Arduino\Attiny4313TransmitterTinyRF\Transmitter\Attiny4313RF\Transmitter/Main.cpp:33
  }

  if (dipValue & (1 << 0)) {
 1c6:	80 ff       	sbrs	r24, 0
 1c8:	08 c0       	rjmp	.+16     	; 0x1da <TRANSMIT_VALUES()+0x36>
C:\Users\Arne\Documents\Arduino\Attiny4313TransmitterTinyRF\Transmitter\Attiny4313RF\Transmitter/Main.cpp:34
    TRANSMIT_BUFFER[0] = t;
 1ca:	20 91 aa 00 	lds	r18, 0x00AA	; 0x8000aa <t>
 1ce:	30 91 ab 00 	lds	r19, 0x00AB	; 0x8000ab <t+0x1>
 1d2:	30 93 a1 00 	sts	0x00A1, r19	; 0x8000a1 <TRANSMIT_BUFFER+0x1>
 1d6:	20 93 a0 00 	sts	0x00A0, r18	; 0x8000a0 <TRANSMIT_BUFFER>
C:\Users\Arne\Documents\Arduino\Attiny4313TransmitterTinyRF\Transmitter\Attiny4313RF\Transmitter/Main.cpp:36
  }
  if (dipValue & (1 << 1)) {
 1da:	81 ff       	sbrs	r24, 1
 1dc:	0b c0       	rjmp	.+22     	; 0x1f4 <TRANSMIT_VALUES()+0x50>
C:\Users\Arne\Documents\Arduino\Attiny4313TransmitterTinyRF\Transmitter\Attiny4313RF\Transmitter/Main.cpp:37
    if(h != 255){
 1de:	20 91 ac 00 	lds	r18, 0x00AC	; 0x8000ac <h>
 1e2:	30 91 ad 00 	lds	r19, 0x00AD	; 0x8000ad <h+0x1>
 1e6:	2f 3f       	cpi	r18, 0xFF	; 255
 1e8:	31 05       	cpc	r19, r1
 1ea:	21 f0       	breq	.+8      	; 0x1f4 <TRANSMIT_VALUES()+0x50>
C:\Users\Arne\Documents\Arduino\Attiny4313TransmitterTinyRF\Transmitter\Attiny4313RF\Transmitter/Main.cpp:38
    TRANSMIT_BUFFER[1] = h;
 1ec:	30 93 a3 00 	sts	0x00A3, r19	; 0x8000a3 <TRANSMIT_BUFFER+0x3>
 1f0:	20 93 a2 00 	sts	0x00A2, r18	; 0x8000a2 <TRANSMIT_BUFFER+0x2>
C:\Users\Arne\Documents\Arduino\Attiny4313TransmitterTinyRF\Transmitter\Attiny4313RF\Transmitter/Main.cpp:41
  }
  }
  if (dipValue & (1 << 2)) {
 1f4:	82 ff       	sbrs	r24, 2
 1f6:	08 c0       	rjmp	.+16     	; 0x208 <TRANSMIT_VALUES()+0x64>
C:\Users\Arne\Documents\Arduino\Attiny4313TransmitterTinyRF\Transmitter\Attiny4313RF\Transmitter/Main.cpp:42
    TRANSMIT_BUFFER[2] = voltagepin1;
 1f8:	20 91 7e 00 	lds	r18, 0x007E	; 0x80007e <voltagepin1>
 1fc:	30 91 7f 00 	lds	r19, 0x007F	; 0x80007f <voltagepin1+0x1>
 200:	30 93 a5 00 	sts	0x00A5, r19	; 0x8000a5 <TRANSMIT_BUFFER+0x5>
 204:	20 93 a4 00 	sts	0x00A4, r18	; 0x8000a4 <TRANSMIT_BUFFER+0x4>
C:\Users\Arne\Documents\Arduino\Attiny4313TransmitterTinyRF\Transmitter\Attiny4313RF\Transmitter/Main.cpp:44
  }
  if (dipValue & (1 << 3)) {
 208:	83 ff       	sbrs	r24, 3
 20a:	08 c0       	rjmp	.+16     	; 0x21c <TRANSMIT_VALUES()+0x78>
C:\Users\Arne\Documents\Arduino\Attiny4313TransmitterTinyRF\Transmitter\Attiny4313RF\Transmitter/Main.cpp:45
    TRANSMIT_BUFFER[3] = voltagepin2;
 20c:	80 91 7c 00 	lds	r24, 0x007C	; 0x80007c <voltagepin2>
 210:	90 91 7d 00 	lds	r25, 0x007D	; 0x80007d <voltagepin2+0x1>
 214:	90 93 a7 00 	sts	0x00A7, r25	; 0x8000a7 <TRANSMIT_BUFFER+0x7>
 218:	80 93 a6 00 	sts	0x00A6, r24	; 0x8000a6 <TRANSMIT_BUFFER+0x6>
C:\Users\Arne\Documents\Arduino\Attiny4313TransmitterTinyRF\Transmitter\Attiny4313RF\Transmitter/Main.cpp:48
  }

sprintf(message, "%d,%d,%d,%d\r\n", TRANSMIT_BUFFER[0], TRANSMIT_BUFFER[1],
 21c:	80 91 a7 00 	lds	r24, 0x00A7	; 0x8000a7 <TRANSMIT_BUFFER+0x7>
 220:	8f 93       	push	r24
 222:	80 91 a6 00 	lds	r24, 0x00A6	; 0x8000a6 <TRANSMIT_BUFFER+0x6>
 226:	8f 93       	push	r24
 228:	80 91 a5 00 	lds	r24, 0x00A5	; 0x8000a5 <TRANSMIT_BUFFER+0x5>
 22c:	8f 93       	push	r24
 22e:	80 91 a4 00 	lds	r24, 0x00A4	; 0x8000a4 <TRANSMIT_BUFFER+0x4>
 232:	8f 93       	push	r24
 234:	80 91 a3 00 	lds	r24, 0x00A3	; 0x8000a3 <TRANSMIT_BUFFER+0x3>
 238:	8f 93       	push	r24
 23a:	80 91 a2 00 	lds	r24, 0x00A2	; 0x8000a2 <TRANSMIT_BUFFER+0x2>
 23e:	8f 93       	push	r24
 240:	80 91 a1 00 	lds	r24, 0x00A1	; 0x8000a1 <TRANSMIT_BUFFER+0x1>
 244:	8f 93       	push	r24
 246:	80 91 a0 00 	lds	r24, 0x00A0	; 0x8000a0 <TRANSMIT_BUFFER>
 24a:	8f 93       	push	r24
 24c:	80 e6       	ldi	r24, 0x60	; 96
 24e:	90 e0       	ldi	r25, 0x00	; 0
 250:	9f 93       	push	r25
 252:	8f 93       	push	r24
 254:	80 e8       	ldi	r24, 0x80	; 128
 256:	90 e0       	ldi	r25, 0x00	; 0
 258:	9f 93       	push	r25
 25a:	8f 93       	push	r24
 25c:	55 d3       	rcall	.+1706   	; 0x908 <sprintf>
C:\Users\Arne\Documents\Arduino\Attiny4313TransmitterTinyRF\Transmitter\Attiny4313RF\Transmitter/Main.cpp:50
                                TRANSMIT_BUFFER[2], TRANSMIT_BUFFER[3]);
 25e:	8d b7       	in	r24, 0x3d	; 61
 260:	9e b7       	in	r25, 0x3e	; 62
 262:	0c 96       	adiw	r24, 0x0c	; 12
 264:	0f b6       	in	r0, 0x3f	; 63
 266:	f8 94       	cli
 268:	9e bf       	out	0x3e, r25	; 62
 26a:	0f be       	out	0x3f, r0	; 63
 26c:	8d bf       	out	0x3d, r24	; 61
 26e:	08 95       	ret

00000270 <_GLOBAL__sub_I_dht>:
_GLOBAL__sub_I_dht():
C:\Users\Arne\Documents\Arduino\Attiny4313TransmitterTinyRF\Transmitter\Attiny4313RF\Transmitter/Main.cpp:5
#include "TinyDHT.h"
#include "Settings.h"
#include "Transmit.h"

DHT dht(DHTPIN, DHTTYPE);
 270:	26 e0       	ldi	r18, 0x06	; 6
 272:	46 e1       	ldi	r20, 0x16	; 22
 274:	66 e0       	ldi	r22, 0x06	; 6
 276:	8e e6       	ldi	r24, 0x6E	; 110
 278:	90 e0       	ldi	r25, 0x00	; 0
 27a:	12 c0       	rjmp	.+36     	; 0x2a0 <DHT::DHT(unsigned char, unsigned char, unsigned char)>

0000027c <setupDIPSW()>:
_Z10setupDIPSWv():
C:\Users\Arne\Documents\Arduino\Attiny4313TransmitterTinyRF\Transmitter\Attiny4313RF\Transmitter/Settings.cpp:13
  char message[32];
  int voltagepin1;
  int voltagepin2;

void setupDIPSW(){
pinMode(DIPPIN_1, INPUT_PULLUP);
 27c:	62 e0       	ldi	r22, 0x02	; 2
 27e:	88 e0       	ldi	r24, 0x08	; 8
 280:	6c d2       	rcall	.+1240   	; 0x75a <pinMode>
C:\Users\Arne\Documents\Arduino\Attiny4313TransmitterTinyRF\Transmitter\Attiny4313RF\Transmitter/Settings.cpp:14
pinMode(DIPPIN_2, INPUT_PULLUP);
 282:	62 e0       	ldi	r22, 0x02	; 2
 284:	89 e0       	ldi	r24, 0x09	; 9
 286:	69 d2       	rcall	.+1234   	; 0x75a <pinMode>
C:\Users\Arne\Documents\Arduino\Attiny4313TransmitterTinyRF\Transmitter\Attiny4313RF\Transmitter/Settings.cpp:15
pinMode(DIPPIN_3, INPUT_PULLUP);
 288:	62 e0       	ldi	r22, 0x02	; 2
 28a:	8a e0       	ldi	r24, 0x0A	; 10
 28c:	66 d2       	rcall	.+1228   	; 0x75a <pinMode>
C:\Users\Arne\Documents\Arduino\Attiny4313TransmitterTinyRF\Transmitter\Attiny4313RF\Transmitter/Settings.cpp:16
pinMode(DIPPIN_4, INPUT_PULLUP);
 28e:	62 e0       	ldi	r22, 0x02	; 2
 290:	8b e0       	ldi	r24, 0x0B	; 11
 292:	63 c2       	rjmp	.+1222   	; 0x75a <pinMode>

00000294 <setupVOLTAGEPIN()>:
_Z15setupVOLTAGEPINv():
C:\Users\Arne\Documents\Arduino\Attiny4313TransmitterTinyRF\Transmitter\Attiny4313RF\Transmitter/Settings.cpp:20
}

void setupVOLTAGEPIN(){
  pinMode(READ_VOLTAGE_PIN_1, INPUT_PULLUP);
 294:	62 e0       	ldi	r22, 0x02	; 2
 296:	84 e0       	ldi	r24, 0x04	; 4
 298:	60 d2       	rcall	.+1216   	; 0x75a <pinMode>
C:\Users\Arne\Documents\Arduino\Attiny4313TransmitterTinyRF\Transmitter\Attiny4313RF\Transmitter/Settings.cpp:21
  pinMode(READ_VOLTAGE_PIN_2, INPUT_PULLUP);
 29a:	62 e0       	ldi	r22, 0x02	; 2
 29c:	87 e0       	ldi	r24, 0x07	; 7
 29e:	5d c2       	rjmp	.+1210   	; 0x75a <pinMode>

000002a0 <DHT::DHT(unsigned char, unsigned char, unsigned char)>:
_ZN3DHTC2Ehhh():
C:\Users\Arne\Documents\Arduino\Attiny4313TransmitterTinyRF\Transmitter\Attiny4313RF\Transmitter/TinyDHT.cpp:66
  }
  /* Serial.print("Read fail"); */
  return BAD_TEMP; // Bad read, return value (from TinyDHT.h)
}

int16_t DHT::convertCtoF(int16_t c) { return (c * 9) / 5 + 32; }
 2a0:	fc 01       	movw	r30, r24
 2a2:	66 83       	std	Z+6, r22	; 0x06
 2a4:	47 83       	std	Z+7, r20	; 0x07
 2a6:	20 87       	std	Z+8, r18	; 0x08
 2a8:	81 e0       	ldi	r24, 0x01	; 1
 2aa:	85 87       	std	Z+13, r24	; 0x0d
 2ac:	08 95       	ret

000002ae <DHT::begin()>:
_ZN3DHT5beginEv():
 2ae:	cf 93       	push	r28
 2b0:	df 93       	push	r29
 2b2:	ec 01       	movw	r28, r24
 2b4:	60 e0       	ldi	r22, 0x00	; 0
 2b6:	8e 81       	ldd	r24, Y+6	; 0x06
 2b8:	50 d2       	rcall	.+1184   	; 0x75a <pinMode>
 2ba:	61 e0       	ldi	r22, 0x01	; 1
 2bc:	8e 81       	ldd	r24, Y+6	; 0x06
 2be:	8b d2       	rcall	.+1302   	; 0x7d6 <digitalWrite>
 2c0:	19 86       	std	Y+9, r1	; 0x09
 2c2:	1a 86       	std	Y+10, r1	; 0x0a
 2c4:	1b 86       	std	Y+11, r1	; 0x0b
 2c6:	1c 86       	std	Y+12, r1	; 0x0c
 2c8:	df 91       	pop	r29
 2ca:	cf 91       	pop	r28
 2cc:	08 95       	ret

000002ce <DHT::read()>:
_ZN3DHT4readEv():
C:\Users\Arne\Documents\Arduino\Attiny4313TransmitterTinyRF\Transmitter\Attiny4313RF\Transmitter/TinyDHT.cpp:90
  }
  /* Serial.print("Read fail"); */
  return BAD_HUM; // return bad value (defined in TinyDHT.h)
}

boolean DHT::read(void) {
 2ce:	cf 92       	push	r12
 2d0:	df 92       	push	r13
 2d2:	ff 92       	push	r15
 2d4:	0f 93       	push	r16
 2d6:	1f 93       	push	r17
 2d8:	cf 93       	push	r28
 2da:	df 93       	push	r29
 2dc:	ec 01       	movw	r28, r24
C:\Users\Arne\Documents\Arduino\Attiny4313TransmitterTinyRF\Transmitter\Attiny4313RF\Transmitter/TinyDHT.cpp:97
  uint8_t counter = 0;
  uint8_t j = 0, i;
  unsigned long currenttime;

  // pull the pin high and wait 250 milliseconds
  digitalWrite(_pin, HIGH);
 2de:	61 e0       	ldi	r22, 0x01	; 1
 2e0:	8e 81       	ldd	r24, Y+6	; 0x06
 2e2:	79 d2       	rcall	.+1266   	; 0x7d6 <digitalWrite>
C:\Users\Arne\Documents\Arduino\Attiny4313TransmitterTinyRF\Transmitter\Attiny4313RF\Transmitter/TinyDHT.cpp:98
  delay(250);
 2e4:	6a ef       	ldi	r22, 0xFA	; 250
 2e6:	70 e0       	ldi	r23, 0x00	; 0
 2e8:	80 e0       	ldi	r24, 0x00	; 0
 2ea:	90 e0       	ldi	r25, 0x00	; 0
 2ec:	f9 d1       	rcall	.+1010   	; 0x6e0 <delay>
C:\Users\Arne\Documents\Arduino\Attiny4313TransmitterTinyRF\Transmitter\Attiny4313RF\Transmitter/TinyDHT.cpp:100

  currenttime = millis();
 2ee:	c5 d1       	rcall	.+906    	; 0x67a <millis>
C:\Users\Arne\Documents\Arduino\Attiny4313TransmitterTinyRF\Transmitter\Attiny4313RF\Transmitter/TinyDHT.cpp:101
  if (currenttime < _lastreadtime) {
 2f0:	09 85       	ldd	r16, Y+9	; 0x09
 2f2:	1a 85       	ldd	r17, Y+10	; 0x0a
 2f4:	2b 85       	ldd	r18, Y+11	; 0x0b
 2f6:	3c 85       	ldd	r19, Y+12	; 0x0c
 2f8:	60 17       	cp	r22, r16
 2fa:	71 07       	cpc	r23, r17
 2fc:	82 07       	cpc	r24, r18
 2fe:	93 07       	cpc	r25, r19
 300:	20 f4       	brcc	.+8      	; 0x30a <DHT::read()+0x3c>
C:\Users\Arne\Documents\Arduino\Attiny4313TransmitterTinyRF\Transmitter\Attiny4313RF\Transmitter/TinyDHT.cpp:103
    // ie there was a rollover
    _lastreadtime = 0;
 302:	19 86       	std	Y+9, r1	; 0x09
 304:	1a 86       	std	Y+10, r1	; 0x0a
 306:	1b 86       	std	Y+11, r1	; 0x0b
 308:	1c 86       	std	Y+12, r1	; 0x0c
C:\Users\Arne\Documents\Arduino\Attiny4313TransmitterTinyRF\Transmitter\Attiny4313RF\Transmitter/TinyDHT.cpp:105
  }
  if (!firstreading && ((currenttime - _lastreadtime) < 2000)) {
 30a:	2d 85       	ldd	r18, Y+13	; 0x0d
 30c:	21 11       	cpse	r18, r1
 30e:	16 c0       	rjmp	.+44     	; 0x33c <DHT::read()+0x6e>
C:\Users\Arne\Documents\Arduino\Attiny4313TransmitterTinyRF\Transmitter\Attiny4313RF\Transmitter/TinyDHT.cpp:105 (discriminator 1)
 310:	09 85       	ldd	r16, Y+9	; 0x09
 312:	1a 85       	ldd	r17, Y+10	; 0x0a
 314:	2b 85       	ldd	r18, Y+11	; 0x0b
 316:	3c 85       	ldd	r19, Y+12	; 0x0c
 318:	60 1b       	sub	r22, r16
 31a:	71 0b       	sbc	r23, r17
 31c:	82 0b       	sbc	r24, r18
 31e:	93 0b       	sbc	r25, r19
 320:	60 3d       	cpi	r22, 0xD0	; 208
 322:	77 40       	sbci	r23, 0x07	; 7
 324:	81 05       	cpc	r24, r1
 326:	91 05       	cpc	r25, r1
 328:	48 f4       	brcc	.+18     	; 0x33c <DHT::read()+0x6e>
C:\Users\Arne\Documents\Arduino\Attiny4313TransmitterTinyRF\Transmitter\Attiny4313RF\Transmitter/TinyDHT.cpp:106
    return true; // return last correct measurement
 32a:	81 e0       	ldi	r24, 0x01	; 1
C:\Users\Arne\Documents\Arduino\Attiny4313TransmitterTinyRF\Transmitter\Attiny4313RF\Transmitter/TinyDHT.cpp:171
      (data[4] == ((data[0] + data[1] + data[2] + data[3]) & 0xFF))) {
    return true;
  }

  return false;
}
 32c:	df 91       	pop	r29
 32e:	cf 91       	pop	r28
 330:	1f 91       	pop	r17
 332:	0f 91       	pop	r16
 334:	ff 90       	pop	r15
 336:	df 90       	pop	r13
 338:	cf 90       	pop	r12
 33a:	08 95       	ret
C:\Users\Arne\Documents\Arduino\Attiny4313TransmitterTinyRF\Transmitter\Attiny4313RF\Transmitter/TinyDHT.cpp:109
  }
  if (!firstreading && ((currenttime - _lastreadtime) < 2000)) {
    return true; // return last correct measurement
    // delay(2000 - (currenttime - _lastreadtime));
  }
  firstreading = false;
 33c:	1d 86       	std	Y+13, r1	; 0x0d
C:\Users\Arne\Documents\Arduino\Attiny4313TransmitterTinyRF\Transmitter\Attiny4313RF\Transmitter/TinyDHT.cpp:114
  /*
    Serial.print("Currtime: "); Serial.print(currenttime);
    Serial.print(" Lasttime: "); Serial.print(_lastreadtime);
  */
  _lastreadtime = millis();
 33e:	9d d1       	rcall	.+826    	; 0x67a <millis>
 340:	69 87       	std	Y+9, r22	; 0x09
 342:	7a 87       	std	Y+10, r23	; 0x0a
 344:	8b 87       	std	Y+11, r24	; 0x0b
 346:	9c 87       	std	Y+12, r25	; 0x0c
C:\Users\Arne\Documents\Arduino\Attiny4313TransmitterTinyRF\Transmitter\Attiny4313RF\Transmitter/TinyDHT.cpp:116

  data[0] = data[1] = data[2] = data[3] = data[4] = 0;
 348:	1c 82       	std	Y+4, r1	; 0x04
 34a:	1b 82       	std	Y+3, r1	; 0x03
 34c:	1a 82       	std	Y+2, r1	; 0x02
 34e:	19 82       	std	Y+1, r1	; 0x01
 350:	18 82       	st	Y, r1
C:\Users\Arne\Documents\Arduino\Attiny4313TransmitterTinyRF\Transmitter\Attiny4313RF\Transmitter/TinyDHT.cpp:119

  // now pull it low for ~20 milliseconds
  pinMode(_pin, OUTPUT);
 352:	61 e0       	ldi	r22, 0x01	; 1
 354:	8e 81       	ldd	r24, Y+6	; 0x06
 356:	01 d2       	rcall	.+1026   	; 0x75a <pinMode>
C:\Users\Arne\Documents\Arduino\Attiny4313TransmitterTinyRF\Transmitter\Attiny4313RF\Transmitter/TinyDHT.cpp:120
  digitalWrite(_pin, LOW);
 358:	60 e0       	ldi	r22, 0x00	; 0
 35a:	8e 81       	ldd	r24, Y+6	; 0x06
 35c:	3c d2       	rcall	.+1144   	; 0x7d6 <digitalWrite>
C:\Users\Arne\Documents\Arduino\Attiny4313TransmitterTinyRF\Transmitter\Attiny4313RF\Transmitter/TinyDHT.cpp:121
  delay(20);
 35e:	64 e1       	ldi	r22, 0x14	; 20
 360:	70 e0       	ldi	r23, 0x00	; 0
 362:	80 e0       	ldi	r24, 0x00	; 0
 364:	90 e0       	ldi	r25, 0x00	; 0
 366:	bc d1       	rcall	.+888    	; 0x6e0 <delay>
C:\Users\Arne\Documents\Arduino\Attiny4313TransmitterTinyRF\Transmitter\Attiny4313RF\Transmitter/TinyDHT.cpp:122
  cli();
 368:	f8 94       	cli
C:\Users\Arne\Documents\Arduino\Attiny4313TransmitterTinyRF\Transmitter\Attiny4313RF\Transmitter/TinyDHT.cpp:123
  digitalWrite(_pin, HIGH);
 36a:	61 e0       	ldi	r22, 0x01	; 1
 36c:	8e 81       	ldd	r24, Y+6	; 0x06
 36e:	33 d2       	rcall	.+1126   	; 0x7d6 <digitalWrite>
C:\Users\Arne\Documents\Arduino\Attiny4313TransmitterTinyRF\Transmitter\Attiny4313RF\Transmitter/TinyDHT.cpp:124
  delayMicroseconds(40);
 370:	88 e2       	ldi	r24, 0x28	; 40
 372:	90 e0       	ldi	r25, 0x00	; 0
 374:	df d1       	rcall	.+958    	; 0x734 <delayMicroseconds>
C:\Users\Arne\Documents\Arduino\Attiny4313TransmitterTinyRF\Transmitter\Attiny4313RF\Transmitter/TinyDHT.cpp:125
  pinMode(_pin, INPUT);
 376:	60 e0       	ldi	r22, 0x00	; 0
 378:	8e 81       	ldd	r24, Y+6	; 0x06
 37a:	ef d1       	rcall	.+990    	; 0x75a <pinMode>
C:\Users\Arne\Documents\Arduino\Attiny4313TransmitterTinyRF\Transmitter\Attiny4313RF\Transmitter/TinyDHT.cpp:93
}

boolean DHT::read(void) {
  uint8_t laststate = HIGH;
  uint8_t counter = 0;
  uint8_t j = 0, i;
 37c:	f1 2c       	mov	r15, r1
C:\Users\Arne\Documents\Arduino\Attiny4313TransmitterTinyRF\Transmitter\Attiny4313RF\Transmitter/TinyDHT.cpp:91
  /* Serial.print("Read fail"); */
  return BAD_HUM; // return bad value (defined in TinyDHT.h)
}

boolean DHT::read(void) {
  uint8_t laststate = HIGH;
 37e:	81 e0       	ldi	r24, 0x01	; 1
C:\Users\Arne\Documents\Arduino\Attiny4313TransmitterTinyRF\Transmitter\Attiny4313RF\Transmitter/TinyDHT.cpp:128
  digitalWrite(_pin, HIGH);
  delayMicroseconds(40);
  pinMode(_pin, INPUT);

  // read in timings
  for (i = 0; i < MAXTIMINGS; i++) {
 380:	10 e0       	ldi	r17, 0x00	; 0
C:\Users\Arne\Documents\Arduino\Attiny4313TransmitterTinyRF\Transmitter\Attiny4313RF\Transmitter/TinyDHT.cpp:129
    counter = 0;
 382:	00 e0       	ldi	r16, 0x00	; 0
C:\Users\Arne\Documents\Arduino\Attiny4313TransmitterTinyRF\Transmitter\Attiny4313RF\Transmitter/TinyDHT.cpp:130
    while (digitalRead(_pin) == laststate) {
 384:	c8 2e       	mov	r12, r24
 386:	d1 2c       	mov	r13, r1
 388:	8e 81       	ldd	r24, Y+6	; 0x06
 38a:	62 d2       	rcall	.+1220   	; 0x850 <digitalRead>
 38c:	8c 15       	cp	r24, r12
 38e:	9d 05       	cpc	r25, r13
 390:	31 f4       	brne	.+12     	; 0x39e <DHT::read()+0xd0>
C:\Users\Arne\Documents\Arduino\Attiny4313TransmitterTinyRF\Transmitter\Attiny4313RF\Transmitter/TinyDHT.cpp:131
      counter++;
 392:	0f 5f       	subi	r16, 0xFF	; 255
C:\Users\Arne\Documents\Arduino\Attiny4313TransmitterTinyRF\Transmitter\Attiny4313RF\Transmitter/TinyDHT.cpp:132
      delayMicroseconds(1);
 394:	81 e0       	ldi	r24, 0x01	; 1
 396:	90 e0       	ldi	r25, 0x00	; 0
 398:	cd d1       	rcall	.+922    	; 0x734 <delayMicroseconds>
C:\Users\Arne\Documents\Arduino\Attiny4313TransmitterTinyRF\Transmitter\Attiny4313RF\Transmitter/TinyDHT.cpp:133
      if (counter == 255) {
 39a:	0f 3f       	cpi	r16, 0xFF	; 255
 39c:	a9 f7       	brne	.-22     	; 0x388 <DHT::read()+0xba>
C:\Users\Arne\Documents\Arduino\Attiny4313TransmitterTinyRF\Transmitter\Attiny4313RF\Transmitter/TinyDHT.cpp:137
        break;
      }
    }
    laststate = digitalRead(_pin);
 39e:	8e 81       	ldd	r24, Y+6	; 0x06
 3a0:	57 d2       	rcall	.+1198   	; 0x850 <digitalRead>
C:\Users\Arne\Documents\Arduino\Attiny4313TransmitterTinyRF\Transmitter\Attiny4313RF\Transmitter/TinyDHT.cpp:139

    if (counter == 255)
 3a2:	0f 3f       	cpi	r16, 0xFF	; 255
 3a4:	b9 f0       	breq	.+46     	; 0x3d4 <DHT::read()+0x106>
C:\Users\Arne\Documents\Arduino\Attiny4313TransmitterTinyRF\Transmitter\Attiny4313RF\Transmitter/TinyDHT.cpp:143
      break;

    // ignore first 3 transitions
    if ((i >= 4) && (i % 2 == 0)) {
 3a6:	14 30       	cpi	r17, 0x04	; 4
 3a8:	90 f0       	brcs	.+36     	; 0x3ce <DHT::read()+0x100>
 3aa:	10 fd       	sbrc	r17, 0
 3ac:	10 c0       	rjmp	.+32     	; 0x3ce <DHT::read()+0x100>
C:\Users\Arne\Documents\Arduino\Attiny4313TransmitterTinyRF\Transmitter\Attiny4313RF\Transmitter/TinyDHT.cpp:145
      // shove each bit into the storage bytes
      data[j / 8] <<= 1;
 3ae:	ef 2d       	mov	r30, r15
 3b0:	e6 95       	lsr	r30
 3b2:	e6 95       	lsr	r30
 3b4:	e6 95       	lsr	r30
 3b6:	ec 0f       	add	r30, r28
 3b8:	fd 2f       	mov	r31, r29
 3ba:	f1 1d       	adc	r31, r1
 3bc:	90 81       	ld	r25, Z
 3be:	99 0f       	add	r25, r25
 3c0:	90 83       	st	Z, r25
C:\Users\Arne\Documents\Arduino\Attiny4313TransmitterTinyRF\Transmitter\Attiny4313RF\Transmitter/TinyDHT.cpp:146
      if (counter > _count)
 3c2:	28 85       	ldd	r18, Y+8	; 0x08
 3c4:	20 17       	cp	r18, r16
 3c6:	10 f4       	brcc	.+4      	; 0x3cc <DHT::read()+0xfe>
C:\Users\Arne\Documents\Arduino\Attiny4313TransmitterTinyRF\Transmitter\Attiny4313RF\Transmitter/TinyDHT.cpp:147
        data[j / 8] |= 1;
 3c8:	91 60       	ori	r25, 0x01	; 1
 3ca:	90 83       	st	Z, r25
C:\Users\Arne\Documents\Arduino\Attiny4313TransmitterTinyRF\Transmitter\Attiny4313RF\Transmitter/TinyDHT.cpp:148
      j++;
 3cc:	f3 94       	inc	r15
C:\Users\Arne\Documents\Arduino\Attiny4313TransmitterTinyRF\Transmitter\Attiny4313RF\Transmitter/TinyDHT.cpp:128
  digitalWrite(_pin, HIGH);
  delayMicroseconds(40);
  pinMode(_pin, INPUT);

  // read in timings
  for (i = 0; i < MAXTIMINGS; i++) {
 3ce:	1f 5f       	subi	r17, 0xFF	; 255
 3d0:	15 35       	cpi	r17, 0x55	; 85
 3d2:	b9 f6       	brne	.-82     	; 0x382 <DHT::read()+0xb4>
C:\Users\Arne\Documents\Arduino\Attiny4313TransmitterTinyRF\Transmitter\Attiny4313RF\Transmitter/TinyDHT.cpp:152
        data[j / 8] |= 1;
      j++;
    }
  }

  sei();
 3d4:	78 94       	sei
C:\Users\Arne\Documents\Arduino\Attiny4313TransmitterTinyRF\Transmitter\Attiny4313RF\Transmitter/TinyDHT.cpp:165
  Serial.print(data[4], HEX); Serial.print(" =? ");
  Serial.println(data[0] + data[1] + data[2] + data[3], HEX);
  */

  // check we read 40 bits and that the checksum matches
  if ((j >= 40) &&
 3d6:	87 e2       	ldi	r24, 0x27	; 39
 3d8:	8f 15       	cp	r24, r15
 3da:	90 f4       	brcc	.+36     	; 0x400 <__LOCK_REGION_LENGTH__>
C:\Users\Arne\Documents\Arduino\Attiny4313TransmitterTinyRF\Transmitter\Attiny4313RF\Transmitter/TinyDHT.cpp:166
      (data[4] == ((data[0] + data[1] + data[2] + data[3]) & 0xFF))) {
 3dc:	4c 81       	ldd	r20, Y+4	; 0x04
 3de:	28 81       	ld	r18, Y
 3e0:	89 81       	ldd	r24, Y+1	; 0x01
 3e2:	28 0f       	add	r18, r24
 3e4:	33 27       	eor	r19, r19
 3e6:	33 1f       	adc	r19, r19
 3e8:	8a 81       	ldd	r24, Y+2	; 0x02
 3ea:	28 0f       	add	r18, r24
 3ec:	31 1d       	adc	r19, r1
 3ee:	8b 81       	ldd	r24, Y+3	; 0x03
 3f0:	82 0f       	add	r24, r18
 3f2:	93 2f       	mov	r25, r19
 3f4:	91 1d       	adc	r25, r1
 3f6:	99 27       	eor	r25, r25
C:\Users\Arne\Documents\Arduino\Attiny4313TransmitterTinyRF\Transmitter\Attiny4313RF\Transmitter/TinyDHT.cpp:165
  Serial.print(data[4], HEX); Serial.print(" =? ");
  Serial.println(data[0] + data[1] + data[2] + data[3], HEX);
  */

  // check we read 40 bits and that the checksum matches
  if ((j >= 40) &&
 3f8:	48 17       	cp	r20, r24
 3fa:	19 06       	cpc	r1, r25
 3fc:	09 f4       	brne	.+2      	; 0x400 <__LOCK_REGION_LENGTH__>
 3fe:	95 cf       	rjmp	.-214    	; 0x32a <DHT::read()+0x5c>
C:\Users\Arne\Documents\Arduino\Attiny4313TransmitterTinyRF\Transmitter\Attiny4313RF\Transmitter/TinyDHT.cpp:170
      (data[4] == ((data[0] + data[1] + data[2] + data[3]) & 0xFF))) {
    return true;
  }

  return false;
 400:	80 e0       	ldi	r24, 0x00	; 0
 402:	94 cf       	rjmp	.-216    	; 0x32c <DHT::read()+0x5e>

00000404 <DHT::readTemperature(bool)>:
_ZN3DHT15readTemperatureEb():
C:\Users\Arne\Documents\Arduino\Attiny4313TransmitterTinyRF\Transmitter\Attiny4313RF\Transmitter/TinyDHT.cpp:37
  digitalWrite(_pin, HIGH);
  _lastreadtime = 0;
}

// boolean S == Scale.  True == Farenheit; False == Celcius
int16_t DHT::readTemperature(bool S) {
 404:	1f 93       	push	r17
 406:	cf 93       	push	r28
 408:	df 93       	push	r29
 40a:	ec 01       	movw	r28, r24
 40c:	16 2f       	mov	r17, r22
C:\Users\Arne\Documents\Arduino\Attiny4313TransmitterTinyRF\Transmitter\Attiny4313RF\Transmitter/TinyDHT.cpp:40
  int16_t f;

  if (read()) {
 40e:	5f df       	rcall	.-322    	; 0x2ce <DHT::read()>
 410:	88 23       	and	r24, r24
 412:	39 f0       	breq	.+14     	; 0x422 <DHT::readTemperature(bool)+0x1e>
C:\Users\Arne\Documents\Arduino\Attiny4313TransmitterTinyRF\Transmitter\Attiny4313RF\Transmitter/TinyDHT.cpp:41
    switch (_type) {
 414:	8f 81       	ldd	r24, Y+7	; 0x07
 416:	8b 30       	cpi	r24, 0x0B	; 11
 418:	39 f0       	breq	.+14     	; 0x428 <DHT::readTemperature(bool)+0x24>
 41a:	18 f0       	brcs	.+6      	; 0x422 <DHT::readTemperature(bool)+0x1e>
 41c:	85 51       	subi	r24, 0x15	; 21
 41e:	82 30       	cpi	r24, 0x02	; 2
 420:	98 f0       	brcs	.+38     	; 0x448 <DHT::readTemperature(bool)+0x44>
C:\Users\Arne\Documents\Arduino\Attiny4313TransmitterTinyRF\Transmitter\Attiny4313RF\Transmitter/TinyDHT.cpp:63

      return f;
    }
  }
  /* Serial.print("Read fail"); */
  return BAD_TEMP; // Bad read, return value (from TinyDHT.h)
 422:	89 e1       	ldi	r24, 0x19	; 25
 424:	9c ef       	ldi	r25, 0xFC	; 252
 426:	0c c0       	rjmp	.+24     	; 0x440 <DHT::readTemperature(bool)+0x3c>
C:\Users\Arne\Documents\Arduino\Attiny4313TransmitterTinyRF\Transmitter\Attiny4313RF\Transmitter/TinyDHT.cpp:43
  int16_t f;

  if (read()) {
    switch (_type) {
    case DHT11:
      f = (int16_t)data[2];
 428:	8a 81       	ldd	r24, Y+2	; 0x02
 42a:	90 e0       	ldi	r25, 0x00	; 0
C:\Users\Arne\Documents\Arduino\Attiny4313TransmitterTinyRF\Transmitter\Attiny4313RF\Transmitter/TinyDHT.cpp:56
      f *= 256;
      f += (int16_t)data[3];
      f /= 10;
      if (data[2] & 0x80)
        f *= -1;
      if (S)
 42c:	11 23       	and	r17, r17
 42e:	41 f0       	breq	.+16     	; 0x440 <DHT::readTemperature(bool)+0x3c>
_ZN3DHT11convertCtoFEi():
C:\Users\Arne\Documents\Arduino\Attiny4313TransmitterTinyRF\Transmitter\Attiny4313RF\Transmitter/TinyDHT.cpp:66
  }
  /* Serial.print("Read fail"); */
  return BAD_TEMP; // Bad read, return value (from TinyDHT.h)
}

int16_t DHT::convertCtoF(int16_t c) { return (c * 9) / 5 + 32; }
 430:	69 e0       	ldi	r22, 0x09	; 9
 432:	70 e0       	ldi	r23, 0x00	; 0
 434:	2b d2       	rcall	.+1110   	; 0x88c <__mulhi3>
 436:	65 e0       	ldi	r22, 0x05	; 5
 438:	70 e0       	ldi	r23, 0x00	; 0
 43a:	4d d2       	rcall	.+1178   	; 0x8d6 <__divmodhi4>
 43c:	cb 01       	movw	r24, r22
 43e:	80 96       	adiw	r24, 0x20	; 32
_ZN3DHT15readTemperatureEb():
C:\Users\Arne\Documents\Arduino\Attiny4313TransmitterTinyRF\Transmitter\Attiny4313RF\Transmitter/TinyDHT.cpp:64
      return f;
    }
  }
  /* Serial.print("Read fail"); */
  return BAD_TEMP; // Bad read, return value (from TinyDHT.h)
}
 440:	df 91       	pop	r29
 442:	cf 91       	pop	r28
 444:	1f 91       	pop	r17
 446:	08 95       	ret
C:\Users\Arne\Documents\Arduino\Attiny4313TransmitterTinyRF\Transmitter\Attiny4313RF\Transmitter/TinyDHT.cpp:50
        f = convertCtoF(f);

      return f;
    case DHT22:
    case DHT21:
      f = (int16_t)(data[2] & 0x7F);
 448:	3a 81       	ldd	r19, Y+2	; 0x02
 44a:	83 2f       	mov	r24, r19
 44c:	8f 77       	andi	r24, 0x7F	; 127
 44e:	90 e0       	ldi	r25, 0x00	; 0
C:\Users\Arne\Documents\Arduino\Attiny4313TransmitterTinyRF\Transmitter\Attiny4313RF\Transmitter/TinyDHT.cpp:51
      f *= 256;
 450:	98 2f       	mov	r25, r24
 452:	88 27       	eor	r24, r24
C:\Users\Arne\Documents\Arduino\Attiny4313TransmitterTinyRF\Transmitter\Attiny4313RF\Transmitter/TinyDHT.cpp:52
      f += (int16_t)data[3];
 454:	2b 81       	ldd	r18, Y+3	; 0x03
 456:	82 0f       	add	r24, r18
 458:	91 1d       	adc	r25, r1
C:\Users\Arne\Documents\Arduino\Attiny4313TransmitterTinyRF\Transmitter\Attiny4313RF\Transmitter/TinyDHT.cpp:53
      f /= 10;
 45a:	6a e0       	ldi	r22, 0x0A	; 10
 45c:	70 e0       	ldi	r23, 0x00	; 0
 45e:	3b d2       	rcall	.+1142   	; 0x8d6 <__divmodhi4>
 460:	cb 01       	movw	r24, r22
C:\Users\Arne\Documents\Arduino\Attiny4313TransmitterTinyRF\Transmitter\Attiny4313RF\Transmitter/TinyDHT.cpp:54
      if (data[2] & 0x80)
 462:	37 ff       	sbrs	r19, 7
 464:	e3 cf       	rjmp	.-58     	; 0x42c <DHT::readTemperature(bool)+0x28>
C:\Users\Arne\Documents\Arduino\Attiny4313TransmitterTinyRF\Transmitter\Attiny4313RF\Transmitter/TinyDHT.cpp:55
        f *= -1;
 466:	91 95       	neg	r25
 468:	81 95       	neg	r24
 46a:	91 09       	sbc	r25, r1
 46c:	df cf       	rjmp	.-66     	; 0x42c <DHT::readTemperature(bool)+0x28>

0000046e <DHT::readHumidity()>:
_ZN3DHT12readHumidityEv():
C:\Users\Arne\Documents\Arduino\Attiny4313TransmitterTinyRF\Transmitter\Attiny4313RF\Transmitter/TinyDHT.cpp:68
  return BAD_TEMP; // Bad read, return value (from TinyDHT.h)
}

int16_t DHT::convertCtoF(int16_t c) { return (c * 9) / 5 + 32; }

uint8_t DHT::readHumidity(void) { //  0-100 %
 46e:	cf 93       	push	r28
 470:	df 93       	push	r29
 472:	ec 01       	movw	r28, r24
C:\Users\Arne\Documents\Arduino\Attiny4313TransmitterTinyRF\Transmitter\Attiny4313RF\Transmitter/TinyDHT.cpp:71
  uint8_t f;
  uint16_t f2; // bigger to allow for math operations
  if (read()) {
 474:	2c df       	rcall	.-424    	; 0x2ce <DHT::read()>
 476:	88 23       	and	r24, r24
 478:	39 f0       	breq	.+14     	; 0x488 <DHT::readHumidity()+0x1a>
C:\Users\Arne\Documents\Arduino\Attiny4313TransmitterTinyRF\Transmitter\Attiny4313RF\Transmitter/TinyDHT.cpp:72
    switch (_type) {
 47a:	8f 81       	ldd	r24, Y+7	; 0x07
 47c:	8b 30       	cpi	r24, 0x0B	; 11
 47e:	31 f0       	breq	.+12     	; 0x48c <DHT::readHumidity()+0x1e>
 480:	18 f0       	brcs	.+6      	; 0x488 <DHT::readHumidity()+0x1a>
 482:	85 51       	subi	r24, 0x15	; 21
 484:	82 30       	cpi	r24, 0x02	; 2
 486:	30 f0       	brcs	.+12     	; 0x494 <DHT::readHumidity()+0x26>
C:\Users\Arne\Documents\Arduino\Attiny4313TransmitterTinyRF\Transmitter\Attiny4313RF\Transmitter/TinyDHT.cpp:87
      f = (uint8_t)f2;
      return f;
    }
  }
  /* Serial.print("Read fail"); */
  return BAD_HUM; // return bad value (defined in TinyDHT.h)
 488:	8f ef       	ldi	r24, 0xFF	; 255
 48a:	01 c0       	rjmp	.+2      	; 0x48e <DHT::readHumidity()+0x20>
C:\Users\Arne\Documents\Arduino\Attiny4313TransmitterTinyRF\Transmitter\Attiny4313RF\Transmitter/TinyDHT.cpp:74
  uint8_t f;
  uint16_t f2; // bigger to allow for math operations
  if (read()) {
    switch (_type) {
    case DHT11:
      f = data[0];
 48c:	88 81       	ld	r24, Y
C:\Users\Arne\Documents\Arduino\Attiny4313TransmitterTinyRF\Transmitter\Attiny4313RF\Transmitter/TinyDHT.cpp:88
      return f;
    }
  }
  /* Serial.print("Read fail"); */
  return BAD_HUM; // return bad value (defined in TinyDHT.h)
}
 48e:	df 91       	pop	r29
 490:	cf 91       	pop	r28
 492:	08 95       	ret
C:\Users\Arne\Documents\Arduino\Attiny4313TransmitterTinyRF\Transmitter\Attiny4313RF\Transmitter/TinyDHT.cpp:78
    case DHT11:
      f = data[0];
      return f;
    case DHT22:
    case DHT21:
      f2 = (uint16_t)data[0];
 494:	88 81       	ld	r24, Y
 496:	90 e0       	ldi	r25, 0x00	; 0
C:\Users\Arne\Documents\Arduino\Attiny4313TransmitterTinyRF\Transmitter\Attiny4313RF\Transmitter/TinyDHT.cpp:79
      f2 *= 256;
 498:	98 2f       	mov	r25, r24
 49a:	88 27       	eor	r24, r24
C:\Users\Arne\Documents\Arduino\Attiny4313TransmitterTinyRF\Transmitter\Attiny4313RF\Transmitter/TinyDHT.cpp:80
      f2 += data[1];
 49c:	29 81       	ldd	r18, Y+1	; 0x01
 49e:	82 0f       	add	r24, r18
 4a0:	91 1d       	adc	r25, r1
C:\Users\Arne\Documents\Arduino\Attiny4313TransmitterTinyRF\Transmitter\Attiny4313RF\Transmitter/TinyDHT.cpp:81
      f2 /= 10;
 4a2:	6a e0       	ldi	r22, 0x0A	; 10
 4a4:	70 e0       	ldi	r23, 0x00	; 0
 4a6:	03 d2       	rcall	.+1030   	; 0x8ae <__udivmodhi4>
C:\Users\Arne\Documents\Arduino\Attiny4313TransmitterTinyRF\Transmitter\Attiny4313RF\Transmitter/TinyDHT.cpp:82
      f = (uint8_t)f2;
 4a8:	86 2f       	mov	r24, r22
C:\Users\Arne\Documents\Arduino\Attiny4313TransmitterTinyRF\Transmitter\Attiny4313RF\Transmitter/TinyDHT.cpp:83
      return f;
 4aa:	f1 cf       	rjmp	.-30     	; 0x48e <DHT::readHumidity()+0x20>

000004ac <crc8(unsigned char*, unsigned char, unsigned char)>:
_Z4crc8Phhh():
C:\Users\Arne\Documents\Arduino\Attiny4313TransmitterTinyRF\Transmitter\Attiny4313RF\Transmitter/TinyRF.cpp:18
	return (byte) ~sum;
}

//CRC-8 - based on the CRC8 formulas by Dallas/Maxim
//code released under the therms of the GNU GPL 3.0 license
byte crc8(byte data[], uint8_t len, uint8_t seq){
 4ac:	fc 01       	movw	r30, r24
C:\Users\Arne\Documents\Arduino\Attiny4313TransmitterTinyRF\Transmitter\Attiny4313RF\Transmitter/TinyRF.cpp:29
		{
			byte sum = (crc ^ extract) & 0x01;
			crc >>= 1;
			if (sum)
			{
				crc ^= 0x8C;
 4ae:	8c e8       	ldi	r24, 0x8C	; 140
C:\Users\Arne\Documents\Arduino\Attiny4313TransmitterTinyRF\Transmitter\Attiny4313RF\Transmitter/TinyRF.cpp:20

//CRC-8 - based on the CRC8 formulas by Dallas/Maxim
//code released under the therms of the GNU GPL 3.0 license
byte crc8(byte data[], uint8_t len, uint8_t seq){
	byte crc = seq;
	while (len--)
 4b0:	61 50       	subi	r22, 0x01	; 1
 4b2:	88 f0       	brcs	.+34     	; 0x4d6 <crc8(unsigned char*, unsigned char, unsigned char)+0x2a>
C:\Users\Arne\Documents\Arduino\Attiny4313TransmitterTinyRF\Transmitter\Attiny4313RF\Transmitter/TinyRF.cpp:22
	{
		byte extract = *data++;
 4b4:	51 91       	ld	r21, Z+
 4b6:	98 e0       	ldi	r25, 0x08	; 8
C:\Users\Arne\Documents\Arduino\Attiny4313TransmitterTinyRF\Transmitter\Attiny4313RF\Transmitter/TinyRF.cpp:25
		for (byte tempI = 8; tempI; tempI--)
		{
			byte sum = (crc ^ extract) & 0x01;
 4b8:	74 2f       	mov	r23, r20
 4ba:	75 27       	eor	r23, r21
C:\Users\Arne\Documents\Arduino\Attiny4313TransmitterTinyRF\Transmitter\Attiny4313RF\Transmitter/TinyRF.cpp:26
			crc >>= 1;
 4bc:	24 2f       	mov	r18, r20
 4be:	30 e0       	ldi	r19, 0x00	; 0
 4c0:	35 95       	asr	r19
 4c2:	27 95       	ror	r18
 4c4:	42 2f       	mov	r20, r18
C:\Users\Arne\Documents\Arduino\Attiny4313TransmitterTinyRF\Transmitter\Attiny4313RF\Transmitter/TinyRF.cpp:27
			if (sum)
 4c6:	70 ff       	sbrs	r23, 0
 4c8:	02 c0       	rjmp	.+4      	; 0x4ce <crc8(unsigned char*, unsigned char, unsigned char)+0x22>
C:\Users\Arne\Documents\Arduino\Attiny4313TransmitterTinyRF\Transmitter\Attiny4313RF\Transmitter/TinyRF.cpp:29
			{
				crc ^= 0x8C;
 4ca:	48 2f       	mov	r20, r24
 4cc:	42 27       	eor	r20, r18
C:\Users\Arne\Documents\Arduino\Attiny4313TransmitterTinyRF\Transmitter\Attiny4313RF\Transmitter/TinyRF.cpp:31 (discriminator 2)
			}
			extract >>= 1;
 4ce:	56 95       	lsr	r21
 4d0:	91 50       	subi	r25, 0x01	; 1
C:\Users\Arne\Documents\Arduino\Attiny4313TransmitterTinyRF\Transmitter\Attiny4313RF\Transmitter/TinyRF.cpp:23 (discriminator 2)
byte crc8(byte data[], uint8_t len, uint8_t seq){
	byte crc = seq;
	while (len--)
	{
		byte extract = *data++;
		for (byte tempI = 8; tempI; tempI--)
 4d2:	91 f7       	brne	.-28     	; 0x4b8 <crc8(unsigned char*, unsigned char, unsigned char)+0xc>
 4d4:	ed cf       	rjmp	.-38     	; 0x4b0 <crc8(unsigned char*, unsigned char, unsigned char)+0x4>
C:\Users\Arne\Documents\Arduino\Attiny4313TransmitterTinyRF\Transmitter\Attiny4313RF\Transmitter/TinyRF.cpp:35
			}
			extract >>= 1;
		}
	}
	return crc;
}
 4d6:	84 2f       	mov	r24, r20
 4d8:	08 95       	ret

000004da <setupTransmitter()>:
_Z16setupTransmitterv():
C:\Users\Arne\Documents\Arduino\Attiny4313TransmitterTinyRF\Transmitter\Attiny4313RF\Transmitter/TinyRF_TX.cpp:8
#ifndef TRF_SEQ_DISABLED
	uint8_t seq = 0;
#endif

void setupTransmitter(){
	pinMode(TRF_TX_PIN, OUTPUT);
 4da:	61 e0       	ldi	r22, 0x01	; 1
 4dc:	8d e0       	ldi	r24, 0x0D	; 13
 4de:	3d c1       	rjmp	.+634    	; 0x75a <pinMode>

000004e0 <transmitByte(unsigned char)>:
_Z12transmitByteh():
C:\Users\Arne\Documents\Arduino\Attiny4313TransmitterTinyRF\Transmitter\Attiny4313RF\Transmitter/TinyRF_TX.cpp:107
	seq++;
	#endif
}

//sends one byte
void transmitByte(byte _byte){
 4e0:	0f 93       	push	r16
 4e2:	1f 93       	push	r17
 4e4:	cf 93       	push	r28
 4e6:	df 93       	push	r29
 4e8:	c7 e0       	ldi	r28, 0x07	; 7
 4ea:	d0 e0       	ldi	r29, 0x00	; 0
C:\Users\Arne\Documents\Arduino\Attiny4313TransmitterTinyRF\Transmitter\Attiny4313RF\Transmitter/TinyRF_TX.cpp:115
	do{
		//send the LOW part of the pulse
		//the LOW duration determines wether a pulse is a 1 or a 0
		digitalWrite(TRF_TX_PIN, LOW);
		//if 1
		if(_byte & (1<<i)){
 4ec:	08 2f       	mov	r16, r24
 4ee:	10 e0       	ldi	r17, 0x00	; 0
C:\Users\Arne\Documents\Arduino\Attiny4313TransmitterTinyRF\Transmitter\Attiny4313RF\Transmitter/TinyRF_TX.cpp:113
	//we do our loop like this because it uses less memory
	uint8_t i=7;
	do{
		//send the LOW part of the pulse
		//the LOW duration determines wether a pulse is a 1 or a 0
		digitalWrite(TRF_TX_PIN, LOW);
 4f0:	60 e0       	ldi	r22, 0x00	; 0
 4f2:	8d e0       	ldi	r24, 0x0D	; 13
 4f4:	70 d1       	rcall	.+736    	; 0x7d6 <digitalWrite>
C:\Users\Arne\Documents\Arduino\Attiny4313TransmitterTinyRF\Transmitter\Attiny4313RF\Transmitter/TinyRF_TX.cpp:115
		//if 1
		if(_byte & (1<<i)){
 4f6:	c8 01       	movw	r24, r16
 4f8:	0c 2e       	mov	r0, r28
 4fa:	02 c0       	rjmp	.+4      	; 0x500 <transmitByte(unsigned char)+0x20>
 4fc:	95 95       	asr	r25
 4fe:	87 95       	ror	r24
 500:	0a 94       	dec	r0
 502:	e2 f7       	brpl	.-8      	; 0x4fc <transmitByte(unsigned char)+0x1c>
 504:	80 ff       	sbrs	r24, 0
 506:	10 c0       	rjmp	.+32     	; 0x528 <transmitByte(unsigned char)+0x48>
C:\Users\Arne\Documents\Arduino\Attiny4313TransmitterTinyRF\Transmitter\Attiny4313RF\Transmitter/TinyRF_TX.cpp:116
			delayMicroseconds(ONE_PULSE_PERIOD - PERIOD_HIGH_DURATION);
 508:	87 ef       	ldi	r24, 0xF7	; 247
 50a:	91 e0       	ldi	r25, 0x01	; 1
C:\Users\Arne\Documents\Arduino\Attiny4313TransmitterTinyRF\Transmitter\Attiny4313RF\Transmitter/TinyRF_TX.cpp:119
		}
		else{
			delayMicroseconds(ZERO_PULSE_PERIOD - PERIOD_HIGH_DURATION);
 50c:	13 d1       	rcall	.+550    	; 0x734 <delayMicroseconds>
C:\Users\Arne\Documents\Arduino\Attiny4313TransmitterTinyRF\Transmitter\Attiny4313RF\Transmitter/TinyRF_TX.cpp:123
		}
		//send the HIGH part of the pulse
		//all pulses have the same HIGH duration
		digitalWrite(TRF_TX_PIN, HIGH);
 50e:	61 e0       	ldi	r22, 0x01	; 1
 510:	8d e0       	ldi	r24, 0x0D	; 13
 512:	61 d1       	rcall	.+706    	; 0x7d6 <digitalWrite>
C:\Users\Arne\Documents\Arduino\Attiny4313TransmitterTinyRF\Transmitter\Attiny4313RF\Transmitter/TinyRF_TX.cpp:124
		delayMicroseconds(PERIOD_HIGH_DURATION);
 514:	82 ef       	ldi	r24, 0xF2	; 242
 516:	91 e0       	ldi	r25, 0x01	; 1
 518:	0d d1       	rcall	.+538    	; 0x734 <delayMicroseconds>
 51a:	21 97       	sbiw	r28, 0x01	; 1
 51c:	48 f7       	brcc	.-46     	; 0x4f0 <transmitByte(unsigned char)+0x10>
C:\Users\Arne\Documents\Arduino\Attiny4313TransmitterTinyRF\Transmitter\Attiny4313RF\Transmitter/TinyRF_TX.cpp:127
		
	}while(i--);
 51e:	df 91       	pop	r29
 520:	cf 91       	pop	r28
 522:	1f 91       	pop	r17
 524:	0f 91       	pop	r16
 526:	08 95       	ret
C:\Users\Arne\Documents\Arduino\Attiny4313TransmitterTinyRF\Transmitter\Attiny4313RF\Transmitter/TinyRF_TX.cpp:119
		//if 1
		if(_byte & (1<<i)){
			delayMicroseconds(ONE_PULSE_PERIOD - PERIOD_HIGH_DURATION);
		}
		else{
			delayMicroseconds(ZERO_PULSE_PERIOD - PERIOD_HIGH_DURATION);
 528:	8d ef       	ldi	r24, 0xFD	; 253
 52a:	90 e0       	ldi	r25, 0x00	; 0
 52c:	ef cf       	rjmp	.-34     	; 0x50c <transmitByte(unsigned char)+0x2c>

0000052e <send(unsigned char*, unsigned char, unsigned char)>:
_Z4sendPhhh():
C:\Users\Arne\Documents\Arduino\Attiny4313TransmitterTinyRF\Transmitter\Attiny4313RF\Transmitter/TinyRF_TX.cpp:21
 * Disabling interrupts during transmission + native AVR reduces errors to occasional 4us errors
 * With our 100+us timings even a 50us error is forgiveable so we'll just stick with digitalWrite()
 * Regarding Flash usage, it appears MicroCore's ATtiny13 optimizer already does the convertsion
 * and in my tests there was no difference between using digitalWrite() and native code
**/
void send(byte* data, uint8_t len, boolean incrementSeq){
 52e:	ef 92       	push	r14
 530:	ff 92       	push	r15
 532:	0f 93       	push	r16
 534:	1f 93       	push	r17
 536:	cf 93       	push	r28
 538:	df 93       	push	r29
 53a:	8c 01       	movw	r16, r24
 53c:	c6 2f       	mov	r28, r22
 53e:	f4 2e       	mov	r15, r20
C:\Users\Arne\Documents\Arduino\Attiny4313TransmitterTinyRF\Transmitter\Attiny4313RF\Transmitter/TinyRF_TX.cpp:27

	//we calculate the crc here, because if we do it after the transmission has started 
	//it will create a delay during transmission which causes the receiver to lose accuracy
	#ifndef TRF_ERROR_CHECKING_NONE
		#ifndef TRF_SEQ_DISABLED
			byte errChck = TRF_ERR_CHK_FUNC(data, len, seq);
 540:	40 91 ae 00 	lds	r20, 0x00AE	; 0x8000ae <seq>
 544:	b3 df       	rcall	.-154    	; 0x4ac <crc8(unsigned char*, unsigned char, unsigned char)>
 546:	e8 2e       	mov	r14, r24
 548:	df e0       	ldi	r29, 0x0F	; 15
C:\Users\Arne\Documents\Arduino\Attiny4313TransmitterTinyRF\Transmitter\Attiny4313RF\Transmitter/TinyRF_TX.cpp:37 (discriminator 2)

	//preamble
	//based on our pulse period our zeroes have more HIGH time than our ones
	//so we send zero bytes as preamble
	for(uint8_t i=0; i<NUM_PREAMBLE_BYTES; i++){
		transmitByte(0x00);
 54a:	80 e0       	ldi	r24, 0x00	; 0
 54c:	c9 df       	rcall	.-110    	; 0x4e0 <transmitByte(unsigned char)>
 54e:	d1 50       	subi	r29, 0x01	; 1
C:\Users\Arne\Documents\Arduino\Attiny4313TransmitterTinyRF\Transmitter\Attiny4313RF\Transmitter/TinyRF_TX.cpp:36 (discriminator 2)
	#endif

	//preamble
	//based on our pulse period our zeroes have more HIGH time than our ones
	//so we send zero bytes as preamble
	for(uint8_t i=0; i<NUM_PREAMBLE_BYTES; i++){
 550:	e1 f7       	brne	.-8      	; 0x54a <send(unsigned char*, unsigned char, unsigned char)+0x1c>
C:\Users\Arne\Documents\Arduino\Attiny4313TransmitterTinyRF\Transmitter\Attiny4313RF\Transmitter/TinyRF_TX.cpp:41
		transmitByte(0x00);
	}

	//START pulse
	digitalWrite(TRF_TX_PIN, LOW);
 552:	60 e0       	ldi	r22, 0x00	; 0
 554:	8d e0       	ldi	r24, 0x0D	; 13
 556:	3f d1       	rcall	.+638    	; 0x7d6 <digitalWrite>
C:\Users\Arne\Documents\Arduino\Attiny4313TransmitterTinyRF\Transmitter\Attiny4313RF\Transmitter/TinyRF_TX.cpp:42
	delayMicroseconds(START_PULSE_PERIOD - PERIOD_HIGH_DURATION);
 558:	8c ed       	ldi	r24, 0xDC	; 220
 55a:	95 e0       	ldi	r25, 0x05	; 5
 55c:	eb d0       	rcall	.+470    	; 0x734 <delayMicroseconds>
C:\Users\Arne\Documents\Arduino\Attiny4313TransmitterTinyRF\Transmitter\Attiny4313RF\Transmitter/TinyRF_TX.cpp:43
	digitalWrite(TRF_TX_PIN, HIGH);
 55e:	61 e0       	ldi	r22, 0x01	; 1
 560:	8d e0       	ldi	r24, 0x0D	; 13
 562:	39 d1       	rcall	.+626    	; 0x7d6 <digitalWrite>
C:\Users\Arne\Documents\Arduino\Attiny4313TransmitterTinyRF\Transmitter\Attiny4313RF\Transmitter/TinyRF_TX.cpp:44
	delayMicroseconds(PERIOD_HIGH_DURATION);
 564:	82 ef       	ldi	r24, 0xF2	; 242
 566:	91 e0       	ldi	r25, 0x01	; 1
 568:	e5 d0       	rcall	.+458    	; 0x734 <delayMicroseconds>
C:\Users\Arne\Documents\Arduino\Attiny4313TransmitterTinyRF\Transmitter\Attiny4313RF\Transmitter/TinyRF_TX.cpp:46

	transmitByte(len);
 56a:	8c 2f       	mov	r24, r28
 56c:	b9 df       	rcall	.-142    	; 0x4e0 <transmitByte(unsigned char)>
C:\Users\Arne\Documents\Arduino\Attiny4313TransmitterTinyRF\Transmitter\Attiny4313RF\Transmitter/TinyRF_TX.cpp:50

	//error checking byte
	#ifndef TRF_ERROR_CHECKING_NONE
	transmitByte(errChck);
 56e:	8e 2d       	mov	r24, r14
 570:	b7 df       	rcall	.-146    	; 0x4e0 <transmitByte(unsigned char)>
C:\Users\Arne\Documents\Arduino\Attiny4313TransmitterTinyRF\Transmitter\Attiny4313RF\Transmitter/TinyRF_TX.cpp:55
	#endif

	//sequence number
	#ifndef TRF_SEQ_DISABLED
	transmitByte(seq);
 572:	80 91 ae 00 	lds	r24, 0x00AE	; 0x8000ae <seq>
 576:	b4 df       	rcall	.-152    	; 0x4e0 <transmitByte(unsigned char)>
C:\Users\Arne\Documents\Arduino\Attiny4313TransmitterTinyRF\Transmitter\Attiny4313RF\Transmitter/TinyRF_TX.cpp:60
	#endif

	//data
	//we send it like this because it uses less memory
	while(len--){
 578:	c1 50       	subi	r28, 0x01	; 1
 57a:	28 f0       	brcs	.+10     	; 0x586 <send(unsigned char*, unsigned char, unsigned char)+0x58>
C:\Users\Arne\Documents\Arduino\Attiny4313TransmitterTinyRF\Transmitter\Attiny4313RF\Transmitter/TinyRF_TX.cpp:61
		transmitByte(data[len]);
 57c:	f8 01       	movw	r30, r16
 57e:	ec 0f       	add	r30, r28
 580:	f1 1d       	adc	r31, r1
 582:	80 81       	ld	r24, Z
 584:	f8 cf       	rjmp	.-16     	; 0x576 <send(unsigned char*, unsigned char, unsigned char)+0x48>
C:\Users\Arne\Documents\Arduino\Attiny4313TransmitterTinyRF\Transmitter\Attiny4313RF\Transmitter/TinyRF_TX.cpp:66
	}

	//reset the line to LOW so receiver detects last pulse
	//because receiver uses falling edges to detect pulses
	digitalWrite(TRF_TX_PIN, LOW);
 586:	60 e0       	ldi	r22, 0x00	; 0
 588:	8d e0       	ldi	r24, 0x0D	; 13
 58a:	25 d1       	rcall	.+586    	; 0x7d6 <digitalWrite>
C:\Users\Arne\Documents\Arduino\Attiny4313TransmitterTinyRF\Transmitter\Attiny4313RF\Transmitter/TinyRF_TX.cpp:70

	//do this after transmission is done so it wouldn't affect the timings
	#ifndef TRF_SEQ_DISABLED
	if(incrementSeq){
 58c:	ff 20       	and	r15, r15
 58e:	29 f0       	breq	.+10     	; 0x59a <send(unsigned char*, unsigned char, unsigned char)+0x6c>
C:\Users\Arne\Documents\Arduino\Attiny4313TransmitterTinyRF\Transmitter\Attiny4313RF\Transmitter/TinyRF_TX.cpp:71
		seq++;
 590:	80 91 ae 00 	lds	r24, 0x00AE	; 0x8000ae <seq>
 594:	8f 5f       	subi	r24, 0xFF	; 255
 596:	80 93 ae 00 	sts	0x00AE, r24	; 0x8000ae <seq>
C:\Users\Arne\Documents\Arduino\Attiny4313TransmitterTinyRF\Transmitter\Attiny4313RF\Transmitter/TinyRF_TX.cpp:91
	}
#else
	//delayMicroseconds(MIN_TX_INTERVAL_REAL*2);
#endif

}
 59a:	df 91       	pop	r29
 59c:	cf 91       	pop	r28
 59e:	1f 91       	pop	r17
 5a0:	0f 91       	pop	r16
 5a2:	ff 90       	pop	r15
 5a4:	ef 90       	pop	r14
 5a6:	08 95       	ret

000005a8 <DHT_TRANSMIT_VALUES()>:
_Z19DHT_TRANSMIT_VALUESv():
C:\Users\Arne\Documents\Arduino\Attiny4313TransmitterTinyRF\Transmitter\Attiny4313RF\Transmitter/Transmit.cpp:5
#include "Main.h"	
#include "TinyRF_TX.h"

void DHT_TRANSMIT_VALUES(){
  send((byte*)message, strlen(message)+1);
 5a8:	60 e8       	ldi	r22, 0x80	; 128
 5aa:	70 e0       	ldi	r23, 0x00	; 0
 5ac:	fb 01       	movw	r30, r22
 5ae:	01 90       	ld	r0, Z+
 5b0:	00 20       	and	r0, r0
 5b2:	e9 f7       	brne	.-6      	; 0x5ae <DHT_TRANSMIT_VALUES()+0x6>
 5b4:	bf 01       	movw	r22, r30
 5b6:	61 58       	subi	r22, 0x81	; 129
 5b8:	70 40       	sbci	r23, 0x00	; 0
 5ba:	6f 5f       	subi	r22, 0xFF	; 255
 5bc:	41 e0       	ldi	r20, 0x01	; 1
 5be:	80 e8       	ldi	r24, 0x80	; 128
 5c0:	90 e0       	ldi	r25, 0x00	; 0
 5c2:	b5 df       	rcall	.-150    	; 0x52e <send(unsigned char*, unsigned char, unsigned char)>
C:\Users\Arne\Documents\Arduino\Attiny4313TransmitterTinyRF\Transmitter\Attiny4313RF\Transmitter/Transmit.cpp:6
  delayMicroseconds(TX_DELAY_MICROS);
 5c4:	84 e1       	ldi	r24, 0x14	; 20
 5c6:	90 e1       	ldi	r25, 0x10	; 16
 5c8:	b5 c0       	rjmp	.+362    	; 0x734 <delayMicroseconds>

000005ca <setup>:
setup():
C:\Users\Arne\Documents\Arduino\Attiny4313TransmitterTinyRF\Transmitter\Attiny4313RF\Transmitter/Transmitter.ino:8
#include "Main.h"
//#include "Transmit.h"
#include "Settings.h"

void setup() {
  setupTransmitter();
 5ca:	87 df       	rcall	.-242    	; 0x4da <setupTransmitter()>
C:\Users\Arne\Documents\Arduino\Attiny4313TransmitterTinyRF\Transmitter\Attiny4313RF\Transmitter/Transmitter.ino:9
  dht.begin();
 5cc:	8e e6       	ldi	r24, 0x6E	; 110
 5ce:	90 e0       	ldi	r25, 0x00	; 0
 5d0:	6e de       	rcall	.-804    	; 0x2ae <DHT::begin()>
C:\Users\Arne\Documents\Arduino\Attiny4313TransmitterTinyRF\Transmitter\Attiny4313RF\Transmitter/Transmitter.ino:10
  setupDIPSW();
 5d2:	54 de       	rcall	.-856    	; 0x27c <setupDIPSW()>
C:\Users\Arne\Documents\Arduino\Attiny4313TransmitterTinyRF\Transmitter\Attiny4313RF\Transmitter/Transmitter.ino:11
  setupVOLTAGEPIN();
 5d4:	5f ce       	rjmp	.-834    	; 0x294 <setupVOLTAGEPIN()>

000005d6 <loop>:
loop():
C:\Users\Arne\Documents\Arduino\Attiny4313TransmitterTinyRF\Transmitter\Attiny4313RF\Transmitter/Transmitter.ino:15
}

void loop() {
  DHT_TRANSMIT_VALUES();
 5d6:	e8 df       	rcall	.-48     	; 0x5a8 <DHT_TRANSMIT_VALUES()>
C:\Users\Arne\Documents\Arduino\Attiny4313TransmitterTinyRF\Transmitter\Attiny4313RF\Transmitter/Transmitter.ino:16
  READ_VOLTAGE_1();
 5d8:	79 dd       	rcall	.-1294   	; 0xcc <READ_VOLTAGE_1()>
C:\Users\Arne\Documents\Arduino\Attiny4313TransmitterTinyRF\Transmitter\Attiny4313RF\Transmitter/Transmitter.ino:17
  DHT_GET_VALUES();
 5da:	85 dd       	rcall	.-1270   	; 0xe6 <DHT_GET_VALUES()>
C:\Users\Arne\Documents\Arduino\Attiny4313TransmitterTinyRF\Transmitter\Attiny4313RF\Transmitter/Transmitter.ino:18
  TRANSMIT_VALUES();
 5dc:	e3 cd       	rjmp	.-1082   	; 0x1a4 <TRANSMIT_VALUES()>

000005de <main>:
main():
C:\Users\Arne\AppData\Local\Arduino15\packages\ATTinyCore\hardware\avr\1.5.2\cores\tiny/main.cpp:5
#include <Arduino.h>

int main(void)
{
  init();
 5de:	b5 d0       	rcall	.+362    	; 0x74a <init>
C:\Users\Arne\AppData\Local\Arduino15\packages\ATTinyCore\hardware\avr\1.5.2\cores\tiny/main.cpp:7

  setup();
 5e0:	f4 df       	rcall	.-24     	; 0x5ca <setup>
C:\Users\Arne\AppData\Local\Arduino15\packages\ATTinyCore\hardware\avr\1.5.2\cores\tiny/main.cpp:10 (discriminator 1)

  for (;;)
    loop();
 5e2:	f9 df       	rcall	.-14     	; 0x5d6 <loop>
 5e4:	fe cf       	rjmp	.-4      	; 0x5e2 <main+0x4>

000005e6 <__vector_6>:
__vector_6():
C:\Users\Arne\AppData\Local\Arduino15\packages\ATTinyCore\hardware\avr\1.5.2\cores\tiny/wiring.c:983

uint8_t read_factory_calibration(void)
{
  uint8_t value = boot_signature_byte_get(1);
  return value;
}
 5e6:	1f 92       	push	r1
 5e8:	0f 92       	push	r0
 5ea:	0f b6       	in	r0, 0x3f	; 63
 5ec:	0f 92       	push	r0
 5ee:	11 24       	eor	r1, r1
 5f0:	2f 93       	push	r18
 5f2:	3f 93       	push	r19
 5f4:	8f 93       	push	r24
 5f6:	9f 93       	push	r25
 5f8:	af 93       	push	r26
 5fa:	bf 93       	push	r27
 5fc:	80 91 b0 00 	lds	r24, 0x00B0	; 0x8000b0 <millis_timer_millis>
 600:	90 91 b1 00 	lds	r25, 0x00B1	; 0x8000b1 <millis_timer_millis+0x1>
 604:	a0 91 b2 00 	lds	r26, 0x00B2	; 0x8000b2 <millis_timer_millis+0x2>
 608:	b0 91 b3 00 	lds	r27, 0x00B3	; 0x8000b3 <millis_timer_millis+0x3>
 60c:	30 91 af 00 	lds	r19, 0x00AF	; 0x8000af <millis_timer_fract>
 610:	23 e0       	ldi	r18, 0x03	; 3
 612:	23 0f       	add	r18, r19
 614:	2d 37       	cpi	r18, 0x7D	; 125
 616:	68 f1       	brcs	.+90     	; 0x672 <__vector_6+0x8c>
 618:	26 e8       	ldi	r18, 0x86	; 134
 61a:	23 0f       	add	r18, r19
 61c:	02 96       	adiw	r24, 0x02	; 2
 61e:	a1 1d       	adc	r26, r1
 620:	b1 1d       	adc	r27, r1
 622:	20 93 af 00 	sts	0x00AF, r18	; 0x8000af <millis_timer_fract>
 626:	80 93 b0 00 	sts	0x00B0, r24	; 0x8000b0 <millis_timer_millis>
 62a:	90 93 b1 00 	sts	0x00B1, r25	; 0x8000b1 <millis_timer_millis+0x1>
 62e:	a0 93 b2 00 	sts	0x00B2, r26	; 0x8000b2 <millis_timer_millis+0x2>
 632:	b0 93 b3 00 	sts	0x00B3, r27	; 0x8000b3 <millis_timer_millis+0x3>
 636:	80 91 b4 00 	lds	r24, 0x00B4	; 0x8000b4 <millis_timer_overflow_count>
 63a:	90 91 b5 00 	lds	r25, 0x00B5	; 0x8000b5 <millis_timer_overflow_count+0x1>
 63e:	a0 91 b6 00 	lds	r26, 0x00B6	; 0x8000b6 <millis_timer_overflow_count+0x2>
 642:	b0 91 b7 00 	lds	r27, 0x00B7	; 0x8000b7 <millis_timer_overflow_count+0x3>
 646:	01 96       	adiw	r24, 0x01	; 1
 648:	a1 1d       	adc	r26, r1
 64a:	b1 1d       	adc	r27, r1
 64c:	80 93 b4 00 	sts	0x00B4, r24	; 0x8000b4 <millis_timer_overflow_count>
 650:	90 93 b5 00 	sts	0x00B5, r25	; 0x8000b5 <millis_timer_overflow_count+0x1>
 654:	a0 93 b6 00 	sts	0x00B6, r26	; 0x8000b6 <millis_timer_overflow_count+0x2>
 658:	b0 93 b7 00 	sts	0x00B7, r27	; 0x8000b7 <millis_timer_overflow_count+0x3>
 65c:	bf 91       	pop	r27
 65e:	af 91       	pop	r26
 660:	9f 91       	pop	r25
 662:	8f 91       	pop	r24
 664:	3f 91       	pop	r19
 666:	2f 91       	pop	r18
 668:	0f 90       	pop	r0
 66a:	0f be       	out	0x3f, r0	; 63
 66c:	0f 90       	pop	r0
 66e:	1f 90       	pop	r1
 670:	18 95       	reti
 672:	01 96       	adiw	r24, 0x01	; 1
 674:	a1 1d       	adc	r26, r1
 676:	b1 1d       	adc	r27, r1
 678:	d4 cf       	rjmp	.-88     	; 0x622 <__vector_6+0x3c>

0000067a <millis>:
millis():
 67a:	2f b7       	in	r18, 0x3f	; 63
 67c:	f8 94       	cli
 67e:	60 91 b0 00 	lds	r22, 0x00B0	; 0x8000b0 <millis_timer_millis>
 682:	70 91 b1 00 	lds	r23, 0x00B1	; 0x8000b1 <millis_timer_millis+0x1>
 686:	80 91 b2 00 	lds	r24, 0x00B2	; 0x8000b2 <millis_timer_millis+0x2>
 68a:	90 91 b3 00 	lds	r25, 0x00B3	; 0x8000b3 <millis_timer_millis+0x3>
 68e:	2f bf       	out	0x3f, r18	; 63
 690:	08 95       	ret

00000692 <micros>:
micros():
 692:	3f b7       	in	r19, 0x3f	; 63
 694:	f8 94       	cli
 696:	80 91 b4 00 	lds	r24, 0x00B4	; 0x8000b4 <millis_timer_overflow_count>
 69a:	90 91 b5 00 	lds	r25, 0x00B5	; 0x8000b5 <millis_timer_overflow_count+0x1>
 69e:	a0 91 b6 00 	lds	r26, 0x00B6	; 0x8000b6 <millis_timer_overflow_count+0x2>
 6a2:	b0 91 b7 00 	lds	r27, 0x00B7	; 0x8000b7 <millis_timer_overflow_count+0x3>
 6a6:	22 b7       	in	r18, 0x32	; 50
 6a8:	08 b6       	in	r0, 0x38	; 56
 6aa:	01 fe       	sbrs	r0, 1
 6ac:	05 c0       	rjmp	.+10     	; 0x6b8 <micros+0x26>
 6ae:	2f 3f       	cpi	r18, 0xFF	; 255
 6b0:	19 f0       	breq	.+6      	; 0x6b8 <micros+0x26>
 6b2:	01 96       	adiw	r24, 0x01	; 1
 6b4:	a1 1d       	adc	r26, r1
 6b6:	b1 1d       	adc	r27, r1
 6b8:	3f bf       	out	0x3f, r19	; 63
 6ba:	ba 2f       	mov	r27, r26
 6bc:	a9 2f       	mov	r26, r25
 6be:	98 2f       	mov	r25, r24
 6c0:	88 27       	eor	r24, r24
 6c2:	bc 01       	movw	r22, r24
 6c4:	cd 01       	movw	r24, r26
 6c6:	62 0f       	add	r22, r18
 6c8:	71 1d       	adc	r23, r1
 6ca:	81 1d       	adc	r24, r1
 6cc:	91 1d       	adc	r25, r1
 6ce:	42 e0       	ldi	r20, 0x02	; 2
 6d0:	66 0f       	add	r22, r22
 6d2:	77 1f       	adc	r23, r23
 6d4:	88 1f       	adc	r24, r24
 6d6:	99 1f       	adc	r25, r25
 6d8:	4a 95       	dec	r20
 6da:	d1 f7       	brne	.-12     	; 0x6d0 <micros+0x3e>
 6dc:	08 95       	ret

000006de <yield>:
__empty():
 6de:	08 95       	ret

000006e0 <delay>:
delay():
 6e0:	cf 92       	push	r12
 6e2:	df 92       	push	r13
 6e4:	ef 92       	push	r14
 6e6:	ff 92       	push	r15
 6e8:	cf 93       	push	r28
 6ea:	df 93       	push	r29
 6ec:	6b 01       	movw	r12, r22
 6ee:	7c 01       	movw	r14, r24
 6f0:	d0 df       	rcall	.-96     	; 0x692 <micros>
 6f2:	eb 01       	movw	r28, r22
 6f4:	c1 14       	cp	r12, r1
 6f6:	d1 04       	cpc	r13, r1
 6f8:	e1 04       	cpc	r14, r1
 6fa:	f1 04       	cpc	r15, r1
 6fc:	61 f0       	breq	.+24     	; 0x716 <delay+0x36>
 6fe:	ef df       	rcall	.-34     	; 0x6de <yield>
 700:	c8 df       	rcall	.-112    	; 0x692 <micros>
 702:	6c 1b       	sub	r22, r28
 704:	7d 0b       	sbc	r23, r29
 706:	68 3e       	cpi	r22, 0xE8	; 232
 708:	73 40       	sbci	r23, 0x03	; 3
 70a:	a0 f3       	brcs	.-24     	; 0x6f4 <delay+0x14>
 70c:	c1 14       	cp	r12, r1
 70e:	d1 04       	cpc	r13, r1
 710:	e1 04       	cpc	r14, r1
 712:	f1 04       	cpc	r15, r1
 714:	39 f4       	brne	.+14     	; 0x724 <delay+0x44>
 716:	df 91       	pop	r29
 718:	cf 91       	pop	r28
 71a:	ff 90       	pop	r15
 71c:	ef 90       	pop	r14
 71e:	df 90       	pop	r13
 720:	cf 90       	pop	r12
 722:	08 95       	ret
 724:	81 e0       	ldi	r24, 0x01	; 1
 726:	c8 1a       	sub	r12, r24
 728:	d1 08       	sbc	r13, r1
 72a:	e1 08       	sbc	r14, r1
 72c:	f1 08       	sbc	r15, r1
 72e:	c8 51       	subi	r28, 0x18	; 24
 730:	dc 4f       	sbci	r29, 0xFC	; 252
 732:	e6 cf       	rjmp	.-52     	; 0x700 <delay+0x20>

00000734 <delayMicroseconds>:
delayMicroseconds():
 734:	82 30       	cpi	r24, 0x02	; 2
 736:	91 05       	cpc	r25, r1
 738:	38 f0       	brcs	.+14     	; 0x748 <delayMicroseconds+0x14>
 73a:	88 0f       	add	r24, r24
 73c:	99 1f       	adc	r25, r25
 73e:	88 0f       	add	r24, r24
 740:	99 1f       	adc	r25, r25
 742:	05 97       	sbiw	r24, 0x05	; 5
 744:	01 97       	sbiw	r24, 0x01	; 1
 746:	f1 f7       	brne	.-4      	; 0x744 <delayMicroseconds+0x10>
 748:	08 95       	ret

0000074a <init>:
init():
C:\Users\Arne\AppData\Local\Arduino15\packages\ATTinyCore\hardware\avr\1.5.2\cores\tiny/wiring.c:1138
*/

  // Use the Millis Timer for fast PWM (unless it doesn't have an output).
  #if (TIMER_TO_USE_FOR_MILLIS == 0)
    #if defined(WGM01) // if Timer0 has PWM
      TCCR0A = (1<<WGM01) | (1<<WGM00);
 74a:	83 e0       	ldi	r24, 0x03	; 3
 74c:	80 bf       	out	0x30, r24	; 48
C:\Users\Arne\AppData\Local\Arduino15\packages\ATTinyCore\hardware\avr\1.5.2\cores\tiny/wiring.c:1141
    #endif
    #if defined(TCCR0B) //The x61 has a wacky Timer0!
      TCCR0B = (MillisTimer_Prescale_Index << CS00);
 74e:	83 bf       	out	0x33, r24	; 51
C:\Users\Arne\AppData\Local\Arduino15\packages\ATTinyCore\hardware\avr\1.5.2\cores\tiny/wiring.c:1162
    TCCR1A = 1<<WGM10;
    TCCR1B = (1<<WGM12) | (MillisTimer_Prescale_Index << CS10);
  #endif

  // this needs to be called before setup() or some functions won't work there
  sei();
 750:	78 94       	sei
C:\Users\Arne\AppData\Local\Arduino15\packages\ATTinyCore\hardware\avr\1.5.2\cores\tiny/wiring.c:1167

  #ifndef DISABLEMILLIS
    // Enable the overflow interrupt (this is the basic system tic-toc for millis)
    #if defined(TIMSK) && defined(TOIE0) && (TIMER_TO_USE_FOR_MILLIS == 0)
      sbi(TIMSK, TOIE0);
 752:	89 b7       	in	r24, 0x39	; 57
 754:	82 60       	ori	r24, 0x02	; 2
 756:	89 bf       	out	0x39, r24	; 57
C:\Users\Arne\AppData\Local\Arduino15\packages\ATTinyCore\hardware\avr\1.5.2\cores\tiny/wiring.c:1219
      ADCSRA = (ADC_ARDUINO_PRESCALER << ADPS0) | (1<<ADEN);
      // enable a2d conversions
      // sbi(ADCSRA, ADEN); //we already set this!!!
    #endif
  #endif
}
 758:	08 95       	ret

0000075a <pinMode>:
pinMode():
C:\Users\Arne\AppData\Local\Arduino15\packages\ATTinyCore\hardware\avr\1.5.2\cores\tiny/wiring_digital.c:33
#define ARDUINO_MAIN
#include "wiring_private.h"
#include "pins_arduino.h"

void pinMode(uint8_t pin, uint8_t mode)
{
 75a:	cf 93       	push	r28
 75c:	df 93       	push	r29
C:\Users\Arne\AppData\Local\Arduino15\packages\ATTinyCore\hardware\avr\1.5.2\cores\tiny/wiring_digital.c:34
  if (pin&128) {pin=analogInputToDigitalPin((pin&127));}
 75e:	87 fd       	sbrc	r24, 7
 760:	8f ef       	ldi	r24, 0xFF	; 255
C:\Users\Arne\AppData\Local\Arduino15\packages\ATTinyCore\hardware\avr\1.5.2\cores\tiny/wiring_digital.c:35
  uint8_t bit = digitalPinToBitMask(pin);
 762:	90 e0       	ldi	r25, 0x00	; 0
 764:	fc 01       	movw	r30, r24
 766:	e4 5c       	subi	r30, 0xC4	; 196
 768:	ff 4f       	sbci	r31, 0xFF	; 255
 76a:	24 91       	lpm	r18, Z
C:\Users\Arne\AppData\Local\Arduino15\packages\ATTinyCore\hardware\avr\1.5.2\cores\tiny/wiring_digital.c:36
  uint8_t port = digitalPinToPort(pin);
 76c:	82 5b       	subi	r24, 0xB2	; 178
 76e:	9f 4f       	sbci	r25, 0xFF	; 255
 770:	fc 01       	movw	r30, r24
 772:	84 91       	lpm	r24, Z
C:\Users\Arne\AppData\Local\Arduino15\packages\ATTinyCore\hardware\avr\1.5.2\cores\tiny/wiring_digital.c:39
  volatile uint8_t *reg, *out;

  if (port == NOT_A_PIN) return;
 774:	88 23       	and	r24, r24
 776:	c9 f0       	breq	.+50     	; 0x7aa <pinMode+0x50>
C:\Users\Arne\AppData\Local\Arduino15\packages\ATTinyCore\hardware\avr\1.5.2\cores\tiny/wiring_digital.c:41

  reg = portModeRegister(port);
 778:	90 e0       	ldi	r25, 0x00	; 0
 77a:	88 0f       	add	r24, r24
 77c:	99 1f       	adc	r25, r25
 77e:	fc 01       	movw	r30, r24
 780:	ec 58       	subi	r30, 0x8C	; 140
 782:	ff 4f       	sbci	r31, 0xFF	; 255
 784:	a5 91       	lpm	r26, Z+
 786:	b4 91       	lpm	r27, Z
C:\Users\Arne\AppData\Local\Arduino15\packages\ATTinyCore\hardware\avr\1.5.2\cores\tiny/wiring_digital.c:42
  out = portOutputRegister(port);
 788:	fc 01       	movw	r30, r24
 78a:	e6 59       	subi	r30, 0x96	; 150
 78c:	ff 4f       	sbci	r31, 0xFF	; 255
 78e:	c5 91       	lpm	r28, Z+
 790:	d4 91       	lpm	r29, Z
C:\Users\Arne\AppData\Local\Arduino15\packages\ATTinyCore\hardware\avr\1.5.2\cores\tiny/wiring_digital.c:44

  if (mode == INPUT) {
 792:	61 11       	cpse	r22, r1
 794:	0d c0       	rjmp	.+26     	; 0x7b0 <pinMode+0x56>
C:\Users\Arne\AppData\Local\Arduino15\packages\ATTinyCore\hardware\avr\1.5.2\cores\tiny/wiring_digital.c:45
    uint8_t oldSREG = SREG;
 796:	9f b7       	in	r25, 0x3f	; 63
C:\Users\Arne\AppData\Local\Arduino15\packages\ATTinyCore\hardware\avr\1.5.2\cores\tiny/wiring_digital.c:46
                cli();
 798:	f8 94       	cli
C:\Users\Arne\AppData\Local\Arduino15\packages\ATTinyCore\hardware\avr\1.5.2\cores\tiny/wiring_digital.c:47
    *reg &= ~bit;
 79a:	8c 91       	ld	r24, X
 79c:	20 95       	com	r18
 79e:	82 23       	and	r24, r18
 7a0:	8c 93       	st	X, r24
C:\Users\Arne\AppData\Local\Arduino15\packages\ATTinyCore\hardware\avr\1.5.2\cores\tiny/wiring_digital.c:48
    *out &= ~bit;
 7a2:	88 81       	ld	r24, Y
 7a4:	28 23       	and	r18, r24
C:\Users\Arne\AppData\Local\Arduino15\packages\ATTinyCore\hardware\avr\1.5.2\cores\tiny/wiring_digital.c:54
    SREG = oldSREG;
  } else if (mode == INPUT_PULLUP) {
    uint8_t oldSREG = SREG;
                cli();
    *reg &= ~bit;
    *out |= bit;
 7a6:	28 83       	st	Y, r18
C:\Users\Arne\AppData\Local\Arduino15\packages\ATTinyCore\hardware\avr\1.5.2\cores\tiny/wiring_digital.c:55
    SREG = oldSREG;
 7a8:	9f bf       	out	0x3f, r25	; 63
C:\Users\Arne\AppData\Local\Arduino15\packages\ATTinyCore\hardware\avr\1.5.2\cores\tiny/wiring_digital.c:62
    uint8_t oldSREG = SREG;
                cli();
    *reg |= bit;
    SREG = oldSREG;
  }
}
 7aa:	df 91       	pop	r29
 7ac:	cf 91       	pop	r28
 7ae:	08 95       	ret
C:\Users\Arne\AppData\Local\Arduino15\packages\ATTinyCore\hardware\avr\1.5.2\cores\tiny/wiring_digital.c:50
    uint8_t oldSREG = SREG;
                cli();
    *reg &= ~bit;
    *out &= ~bit;
    SREG = oldSREG;
  } else if (mode == INPUT_PULLUP) {
 7b0:	62 30       	cpi	r22, 0x02	; 2
 7b2:	51 f4       	brne	.+20     	; 0x7c8 <pinMode+0x6e>
C:\Users\Arne\AppData\Local\Arduino15\packages\ATTinyCore\hardware\avr\1.5.2\cores\tiny/wiring_digital.c:51
    uint8_t oldSREG = SREG;
 7b4:	9f b7       	in	r25, 0x3f	; 63
C:\Users\Arne\AppData\Local\Arduino15\packages\ATTinyCore\hardware\avr\1.5.2\cores\tiny/wiring_digital.c:52
                cli();
 7b6:	f8 94       	cli
C:\Users\Arne\AppData\Local\Arduino15\packages\ATTinyCore\hardware\avr\1.5.2\cores\tiny/wiring_digital.c:53
    *reg &= ~bit;
 7b8:	3c 91       	ld	r19, X
 7ba:	82 2f       	mov	r24, r18
 7bc:	80 95       	com	r24
 7be:	83 23       	and	r24, r19
 7c0:	8c 93       	st	X, r24
C:\Users\Arne\AppData\Local\Arduino15\packages\ATTinyCore\hardware\avr\1.5.2\cores\tiny/wiring_digital.c:54
    *out |= bit;
 7c2:	e8 81       	ld	r30, Y
 7c4:	2e 2b       	or	r18, r30
 7c6:	ef cf       	rjmp	.-34     	; 0x7a6 <pinMode+0x4c>
C:\Users\Arne\AppData\Local\Arduino15\packages\ATTinyCore\hardware\avr\1.5.2\cores\tiny/wiring_digital.c:57
    SREG = oldSREG;
  } else {
    uint8_t oldSREG = SREG;
 7c8:	8f b7       	in	r24, 0x3f	; 63
C:\Users\Arne\AppData\Local\Arduino15\packages\ATTinyCore\hardware\avr\1.5.2\cores\tiny/wiring_digital.c:58
                cli();
 7ca:	f8 94       	cli
C:\Users\Arne\AppData\Local\Arduino15\packages\ATTinyCore\hardware\avr\1.5.2\cores\tiny/wiring_digital.c:59
    *reg |= bit;
 7cc:	ec 91       	ld	r30, X
 7ce:	2e 2b       	or	r18, r30
 7d0:	2c 93       	st	X, r18
C:\Users\Arne\AppData\Local\Arduino15\packages\ATTinyCore\hardware\avr\1.5.2\cores\tiny/wiring_digital.c:60
    SREG = oldSREG;
 7d2:	8f bf       	out	0x3f, r24	; 63
 7d4:	ea cf       	rjmp	.-44     	; 0x7aa <pinMode+0x50>

000007d6 <digitalWrite>:
digitalWrite():
C:\Users\Arne\AppData\Local\Arduino15\packages\ATTinyCore\hardware\avr\1.5.2\cores\tiny/wiring_digital.c:138
  }
}

void digitalWrite(uint8_t pin, uint8_t val)
{
  if (pin&128) {pin=analogInputToDigitalPin((pin&127));}
 7d6:	87 fd       	sbrc	r24, 7
 7d8:	8f ef       	ldi	r24, 0xFF	; 255
C:\Users\Arne\AppData\Local\Arduino15\packages\ATTinyCore\hardware\avr\1.5.2\cores\tiny/wiring_digital.c:139
  uint8_t timer = digitalPinToTimer(pin);
 7da:	90 e0       	ldi	r25, 0x00	; 0
 7dc:	fc 01       	movw	r30, r24
 7de:	e6 5d       	subi	r30, 0xD6	; 214
 7e0:	ff 4f       	sbci	r31, 0xFF	; 255
 7e2:	34 91       	lpm	r19, Z
C:\Users\Arne\AppData\Local\Arduino15\packages\ATTinyCore\hardware\avr\1.5.2\cores\tiny/wiring_digital.c:140
  uint8_t bit = digitalPinToBitMask(pin);
 7e4:	fc 01       	movw	r30, r24
 7e6:	e4 5c       	subi	r30, 0xC4	; 196
 7e8:	ff 4f       	sbci	r31, 0xFF	; 255
 7ea:	24 91       	lpm	r18, Z
C:\Users\Arne\AppData\Local\Arduino15\packages\ATTinyCore\hardware\avr\1.5.2\cores\tiny/wiring_digital.c:141
  uint8_t port = digitalPinToPort(pin);
 7ec:	fc 01       	movw	r30, r24
 7ee:	e2 5b       	subi	r30, 0xB2	; 178
 7f0:	ff 4f       	sbci	r31, 0xFF	; 255
 7f2:	e4 91       	lpm	r30, Z
C:\Users\Arne\AppData\Local\Arduino15\packages\ATTinyCore\hardware\avr\1.5.2\cores\tiny/wiring_digital.c:144
  volatile uint8_t *out;

  if (port == NOT_A_PIN) return;
 7f4:	ee 23       	and	r30, r30
 7f6:	b9 f0       	breq	.+46     	; 0x826 <digitalWrite+0x50>
C:\Users\Arne\AppData\Local\Arduino15\packages\ATTinyCore\hardware\avr\1.5.2\cores\tiny/wiring_digital.c:148

  // If the pin that support PWM output, we need to turn it off
  // before doing a digital write.
  if (timer != NOT_ON_TIMER) turnOffPWM(timer);
 7f8:	33 23       	and	r19, r19
 7fa:	29 f0       	breq	.+10     	; 0x806 <digitalWrite+0x30>
turnOffPWM():
C:\Users\Arne\AppData\Local\Arduino15\packages\ATTinyCore\hardware\avr\1.5.2\cores\tiny/wiring_digital.c:67
}

static void turnOffPWM(uint8_t timer)
{
  #if defined(TCCR0A) && defined(COM0A1)
    if( timer == TIMER0A){
 7fc:	31 30       	cpi	r19, 0x01	; 1
 7fe:	a1 f4       	brne	.+40     	; 0x828 <digitalWrite+0x52>
C:\Users\Arne\AppData\Local\Arduino15\packages\ATTinyCore\hardware\avr\1.5.2\cores\tiny/wiring_digital.c:68
      cbi(TCCR0A, COM0A1);
 800:	80 b7       	in	r24, 0x30	; 48
 802:	8f 77       	andi	r24, 0x7F	; 127
C:\Users\Arne\AppData\Local\Arduino15\packages\ATTinyCore\hardware\avr\1.5.2\cores\tiny/wiring_digital.c:74
      //cbi(TCCR0A, COM0A0);
    } else
  #endif
  #if defined(TCCR0A) && defined(COM0B1)
    if( timer == TIMER0B){
      cbi(TCCR0A, COM0B1);
 804:	80 bf       	out	0x30, r24	; 48
digitalWrite():
C:\Users\Arne\AppData\Local\Arduino15\packages\ATTinyCore\hardware\avr\1.5.2\cores\tiny/wiring_digital.c:150

  // If the pin that support PWM output, we need to turn it off
  // before doing a digital write.
  if (timer != NOT_ON_TIMER) turnOffPWM(timer);

  out = portOutputRegister(port);
 806:	f0 e0       	ldi	r31, 0x00	; 0
 808:	ee 0f       	add	r30, r30
 80a:	ff 1f       	adc	r31, r31
 80c:	e6 59       	subi	r30, 0x96	; 150
 80e:	ff 4f       	sbci	r31, 0xFF	; 255
 810:	a5 91       	lpm	r26, Z+
 812:	b4 91       	lpm	r27, Z
C:\Users\Arne\AppData\Local\Arduino15\packages\ATTinyCore\hardware\avr\1.5.2\cores\tiny/wiring_digital.c:153

  if (val == LOW) {
    uint8_t oldSREG = SREG;
 814:	8f b7       	in	r24, 0x3f	; 63
C:\Users\Arne\AppData\Local\Arduino15\packages\ATTinyCore\hardware\avr\1.5.2\cores\tiny/wiring_digital.c:152
  // before doing a digital write.
  if (timer != NOT_ON_TIMER) turnOffPWM(timer);

  out = portOutputRegister(port);

  if (val == LOW) {
 816:	61 11       	cpse	r22, r1
 818:	17 c0       	rjmp	.+46     	; 0x848 <digitalWrite+0x72>
C:\Users\Arne\AppData\Local\Arduino15\packages\ATTinyCore\hardware\avr\1.5.2\cores\tiny/wiring_digital.c:154
    uint8_t oldSREG = SREG;
    cli();
 81a:	f8 94       	cli
C:\Users\Arne\AppData\Local\Arduino15\packages\ATTinyCore\hardware\avr\1.5.2\cores\tiny/wiring_digital.c:155
    *out &= ~bit;
 81c:	ec 91       	ld	r30, X
 81e:	20 95       	com	r18
 820:	2e 23       	and	r18, r30
C:\Users\Arne\AppData\Local\Arduino15\packages\ATTinyCore\hardware\avr\1.5.2\cores\tiny/wiring_digital.c:160
    SREG = oldSREG;
  } else {
    uint8_t oldSREG = SREG;
    cli();
    *out |= bit;
 822:	2c 93       	st	X, r18
C:\Users\Arne\AppData\Local\Arduino15\packages\ATTinyCore\hardware\avr\1.5.2\cores\tiny/wiring_digital.c:161
    SREG = oldSREG;
 824:	8f bf       	out	0x3f, r24	; 63
C:\Users\Arne\AppData\Local\Arduino15\packages\ATTinyCore\hardware\avr\1.5.2\cores\tiny/wiring_digital.c:163
  }
}
 826:	08 95       	ret
turnOffPWM():
C:\Users\Arne\AppData\Local\Arduino15\packages\ATTinyCore\hardware\avr\1.5.2\cores\tiny/wiring_digital.c:73
      cbi(TCCR0A, COM0A1);
      //cbi(TCCR0A, COM0A0);
    } else
  #endif
  #if defined(TCCR0A) && defined(COM0B1)
    if( timer == TIMER0B){
 828:	32 30       	cpi	r19, 0x02	; 2
 82a:	19 f4       	brne	.+6      	; 0x832 <digitalWrite+0x5c>
C:\Users\Arne\AppData\Local\Arduino15\packages\ATTinyCore\hardware\avr\1.5.2\cores\tiny/wiring_digital.c:74
      cbi(TCCR0A, COM0B1);
 82c:	80 b7       	in	r24, 0x30	; 48
 82e:	8f 7d       	andi	r24, 0xDF	; 223
 830:	e9 cf       	rjmp	.-46     	; 0x804 <digitalWrite+0x2e>
C:\Users\Arne\AppData\Local\Arduino15\packages\ATTinyCore\hardware\avr\1.5.2\cores\tiny/wiring_digital.c:118
        GTCCR &= ~(1<<COM1B1);
        //cbi(GTCCR, COM1B1);
      } else
    #endif
    #if defined(TCCR1A) && defined(COM1A1) // civilized parts
      if( timer == TIMER1A){
 832:	33 30       	cpi	r19, 0x03	; 3
 834:	21 f4       	brne	.+8      	; 0x83e <digitalWrite+0x68>
C:\Users\Arne\AppData\Local\Arduino15\packages\ATTinyCore\hardware\avr\1.5.2\cores\tiny/wiring_digital.c:119
        TCCR1A &= ~(1<<COM1A1);
 836:	8f b5       	in	r24, 0x2f	; 47
 838:	8f 77       	andi	r24, 0x7F	; 127
C:\Users\Arne\AppData\Local\Arduino15\packages\ATTinyCore\hardware\avr\1.5.2\cores\tiny/wiring_digital.c:126
      } else
    #endif

    #if defined(TCCR1A) && defined(COM1B1) // civilized parts
      if( timer == TIMER1B){
        TCCR1A &= ~(1<<COM1B1);
 83a:	8f bd       	out	0x2f, r24	; 47
 83c:	e4 cf       	rjmp	.-56     	; 0x806 <digitalWrite+0x30>
C:\Users\Arne\AppData\Local\Arduino15\packages\ATTinyCore\hardware\avr\1.5.2\cores\tiny/wiring_digital.c:125
        //cbi(TCCR1A, COM1A0);
      } else
    #endif

    #if defined(TCCR1A) && defined(COM1B1) // civilized parts
      if( timer == TIMER1B){
 83e:	34 30       	cpi	r19, 0x04	; 4
 840:	11 f7       	brne	.-60     	; 0x806 <digitalWrite+0x30>
C:\Users\Arne\AppData\Local\Arduino15\packages\ATTinyCore\hardware\avr\1.5.2\cores\tiny/wiring_digital.c:126
        TCCR1A &= ~(1<<COM1B1);
 842:	8f b5       	in	r24, 0x2f	; 47
 844:	8f 7d       	andi	r24, 0xDF	; 223
 846:	f9 cf       	rjmp	.-14     	; 0x83a <digitalWrite+0x64>
digitalWrite():
C:\Users\Arne\AppData\Local\Arduino15\packages\ATTinyCore\hardware\avr\1.5.2\cores\tiny/wiring_digital.c:159
    cli();
    *out &= ~bit;
    SREG = oldSREG;
  } else {
    uint8_t oldSREG = SREG;
    cli();
 848:	f8 94       	cli
C:\Users\Arne\AppData\Local\Arduino15\packages\ATTinyCore\hardware\avr\1.5.2\cores\tiny/wiring_digital.c:160
    *out |= bit;
 84a:	ec 91       	ld	r30, X
 84c:	2e 2b       	or	r18, r30
 84e:	e9 cf       	rjmp	.-46     	; 0x822 <digitalWrite+0x4c>

00000850 <digitalRead>:
digitalRead():
C:\Users\Arne\AppData\Local\Arduino15\packages\ATTinyCore\hardware\avr\1.5.2\cores\tiny/wiring_digital.c:167
  }
}

int digitalRead(uint8_t pin)
{
  if (pin&128) {pin=analogInputToDigitalPin((pin&127));}
 850:	87 fd       	sbrc	r24, 7
 852:	8f ef       	ldi	r24, 0xFF	; 255
C:\Users\Arne\AppData\Local\Arduino15\packages\ATTinyCore\hardware\avr\1.5.2\cores\tiny/wiring_digital.c:169
  //uint8_t timer = digitalPinToTimer(pin);
  uint8_t bit = digitalPinToBitMask(pin);
 854:	90 e0       	ldi	r25, 0x00	; 0
 856:	fc 01       	movw	r30, r24
 858:	e4 5c       	subi	r30, 0xC4	; 196
 85a:	ff 4f       	sbci	r31, 0xFF	; 255
 85c:	24 91       	lpm	r18, Z
C:\Users\Arne\AppData\Local\Arduino15\packages\ATTinyCore\hardware\avr\1.5.2\cores\tiny/wiring_digital.c:170
  uint8_t port = digitalPinToPort(pin);
 85e:	fc 01       	movw	r30, r24
 860:	e2 5b       	subi	r30, 0xB2	; 178
 862:	ff 4f       	sbci	r31, 0xFF	; 255
 864:	e4 91       	lpm	r30, Z
C:\Users\Arne\AppData\Local\Arduino15\packages\ATTinyCore\hardware\avr\1.5.2\cores\tiny/wiring_digital.c:172

  if (port == NOT_A_PIN) return LOW;
 866:	ee 23       	and	r30, r30
 868:	71 f0       	breq	.+28     	; 0x886 <digitalRead+0x36>
C:\Users\Arne\AppData\Local\Arduino15\packages\ATTinyCore\hardware\avr\1.5.2\cores\tiny/wiring_digital.c:180
  // "read" should *NEVER* change the behavior of the thing you're using it on.
  // That's why it's called "read" not "write". As an added bonus, sets the
  // stage for auto-fast-digitalRead() for compile time known pins.
  // if (timer != NOT_ON_TIMER) turnOffPWM(timer);

  if (*portInputRegister(port) & bit) return HIGH;
 86a:	f0 e0       	ldi	r31, 0x00	; 0
 86c:	ee 0f       	add	r30, r30
 86e:	ff 1f       	adc	r31, r31
 870:	e0 5a       	subi	r30, 0xA0	; 160
 872:	ff 4f       	sbci	r31, 0xFF	; 255
 874:	a5 91       	lpm	r26, Z+
 876:	b4 91       	lpm	r27, Z
 878:	ec 91       	ld	r30, X
 87a:	e2 23       	and	r30, r18
 87c:	81 e0       	ldi	r24, 0x01	; 1
 87e:	90 e0       	ldi	r25, 0x00	; 0
 880:	21 f4       	brne	.+8      	; 0x88a <digitalRead+0x3a>
 882:	80 e0       	ldi	r24, 0x00	; 0
 884:	08 95       	ret
C:\Users\Arne\AppData\Local\Arduino15\packages\ATTinyCore\hardware\avr\1.5.2\cores\tiny/wiring_digital.c:172
  if (pin&128) {pin=analogInputToDigitalPin((pin&127));}
  //uint8_t timer = digitalPinToTimer(pin);
  uint8_t bit = digitalPinToBitMask(pin);
  uint8_t port = digitalPinToPort(pin);

  if (port == NOT_A_PIN) return LOW;
 886:	80 e0       	ldi	r24, 0x00	; 0
 888:	90 e0       	ldi	r25, 0x00	; 0
C:\Users\Arne\AppData\Local\Arduino15\packages\ATTinyCore\hardware\avr\1.5.2\cores\tiny/wiring_digital.c:182
  // stage for auto-fast-digitalRead() for compile time known pins.
  // if (timer != NOT_ON_TIMER) turnOffPWM(timer);

  if (*portInputRegister(port) & bit) return HIGH;
  return LOW;
}
 88a:	08 95       	ret

0000088c <__mulhi3>:
__mulhi3():
/home/jenkins-mingw32/workspace/avr-gcc-staging/label/Ubuntu14.04x64-mingw32/gcc-build/avr/avr25/libgcc/../../../../gcc/libgcc/config/avr/lib1funcs.S:312
 88c:	00 24       	eor	r0, r0
/home/jenkins-mingw32/workspace/avr-gcc-staging/label/Ubuntu14.04x64-mingw32/gcc-build/avr/avr25/libgcc/../../../../gcc/libgcc/config/avr/lib1funcs.S:313
 88e:	55 27       	eor	r21, r21
/home/jenkins-mingw32/workspace/avr-gcc-staging/label/Ubuntu14.04x64-mingw32/gcc-build/avr/avr25/libgcc/../../../../gcc/libgcc/config/avr/lib1funcs.S:314
 890:	04 c0       	rjmp	.+8      	; 0x89a <__mulhi3+0xe>
/home/jenkins-mingw32/workspace/avr-gcc-staging/label/Ubuntu14.04x64-mingw32/gcc-build/avr/avr25/libgcc/../../../../gcc/libgcc/config/avr/lib1funcs.S:317
 892:	08 0e       	add	r0, r24
/home/jenkins-mingw32/workspace/avr-gcc-staging/label/Ubuntu14.04x64-mingw32/gcc-build/avr/avr25/libgcc/../../../../gcc/libgcc/config/avr/lib1funcs.S:318
 894:	59 1f       	adc	r21, r25
/home/jenkins-mingw32/workspace/avr-gcc-staging/label/Ubuntu14.04x64-mingw32/gcc-build/avr/avr25/libgcc/../../../../gcc/libgcc/config/avr/lib1funcs.S:320
 896:	88 0f       	add	r24, r24
/home/jenkins-mingw32/workspace/avr-gcc-staging/label/Ubuntu14.04x64-mingw32/gcc-build/avr/avr25/libgcc/../../../../gcc/libgcc/config/avr/lib1funcs.S:321
 898:	99 1f       	adc	r25, r25
/home/jenkins-mingw32/workspace/avr-gcc-staging/label/Ubuntu14.04x64-mingw32/gcc-build/avr/avr25/libgcc/../../../../gcc/libgcc/config/avr/lib1funcs.S:324
 89a:	00 97       	sbiw	r24, 0x00	; 0
/home/jenkins-mingw32/workspace/avr-gcc-staging/label/Ubuntu14.04x64-mingw32/gcc-build/avr/avr25/libgcc/../../../../gcc/libgcc/config/avr/lib1funcs.S:325
 89c:	29 f0       	breq	.+10     	; 0x8a8 <__mulhi3+0x1c>
/home/jenkins-mingw32/workspace/avr-gcc-staging/label/Ubuntu14.04x64-mingw32/gcc-build/avr/avr25/libgcc/../../../../gcc/libgcc/config/avr/lib1funcs.S:328
 89e:	76 95       	lsr	r23
/home/jenkins-mingw32/workspace/avr-gcc-staging/label/Ubuntu14.04x64-mingw32/gcc-build/avr/avr25/libgcc/../../../../gcc/libgcc/config/avr/lib1funcs.S:329
 8a0:	67 95       	ror	r22
/home/jenkins-mingw32/workspace/avr-gcc-staging/label/Ubuntu14.04x64-mingw32/gcc-build/avr/avr25/libgcc/../../../../gcc/libgcc/config/avr/lib1funcs.S:331
 8a2:	b8 f3       	brcs	.-18     	; 0x892 <__mulhi3+0x6>
/home/jenkins-mingw32/workspace/avr-gcc-staging/label/Ubuntu14.04x64-mingw32/gcc-build/avr/avr25/libgcc/../../../../gcc/libgcc/config/avr/lib1funcs.S:335
 8a4:	71 05       	cpc	r23, r1
/home/jenkins-mingw32/workspace/avr-gcc-staging/label/Ubuntu14.04x64-mingw32/gcc-build/avr/avr25/libgcc/../../../../gcc/libgcc/config/avr/lib1funcs.S:337
 8a6:	b9 f7       	brne	.-18     	; 0x896 <__mulhi3+0xa>
/home/jenkins-mingw32/workspace/avr-gcc-staging/label/Ubuntu14.04x64-mingw32/gcc-build/avr/avr25/libgcc/../../../../gcc/libgcc/config/avr/lib1funcs.S:340
 8a8:	80 2d       	mov	r24, r0
/home/jenkins-mingw32/workspace/avr-gcc-staging/label/Ubuntu14.04x64-mingw32/gcc-build/avr/avr25/libgcc/../../../../gcc/libgcc/config/avr/lib1funcs.S:341
 8aa:	95 2f       	mov	r25, r21
/home/jenkins-mingw32/workspace/avr-gcc-staging/label/Ubuntu14.04x64-mingw32/gcc-build/avr/avr25/libgcc/../../../../gcc/libgcc/config/avr/lib1funcs.S:342
 8ac:	08 95       	ret

000008ae <__udivmodhi4>:
__udivmodhi4():
/home/jenkins-mingw32/workspace/avr-gcc-staging/label/Ubuntu14.04x64-mingw32/gcc-build/avr/avr25/libgcc/../../../../gcc/libgcc/config/avr/lib1funcs.S:1408
 8ae:	aa 1b       	sub	r26, r26
/home/jenkins-mingw32/workspace/avr-gcc-staging/label/Ubuntu14.04x64-mingw32/gcc-build/avr/avr25/libgcc/../../../../gcc/libgcc/config/avr/lib1funcs.S:1409
 8b0:	bb 1b       	sub	r27, r27
/home/jenkins-mingw32/workspace/avr-gcc-staging/label/Ubuntu14.04x64-mingw32/gcc-build/avr/avr25/libgcc/../../../../gcc/libgcc/config/avr/lib1funcs.S:1410
 8b2:	51 e1       	ldi	r21, 0x11	; 17
/home/jenkins-mingw32/workspace/avr-gcc-staging/label/Ubuntu14.04x64-mingw32/gcc-build/avr/avr25/libgcc/../../../../gcc/libgcc/config/avr/lib1funcs.S:1411
 8b4:	07 c0       	rjmp	.+14     	; 0x8c4 <__udivmodhi4_ep>

000008b6 <__udivmodhi4_loop>:
/home/jenkins-mingw32/workspace/avr-gcc-staging/label/Ubuntu14.04x64-mingw32/gcc-build/avr/avr25/libgcc/../../../../gcc/libgcc/config/avr/lib1funcs.S:1413
 8b6:	aa 1f       	adc	r26, r26
/home/jenkins-mingw32/workspace/avr-gcc-staging/label/Ubuntu14.04x64-mingw32/gcc-build/avr/avr25/libgcc/../../../../gcc/libgcc/config/avr/lib1funcs.S:1414
 8b8:	bb 1f       	adc	r27, r27
/home/jenkins-mingw32/workspace/avr-gcc-staging/label/Ubuntu14.04x64-mingw32/gcc-build/avr/avr25/libgcc/../../../../gcc/libgcc/config/avr/lib1funcs.S:1415
 8ba:	a6 17       	cp	r26, r22
/home/jenkins-mingw32/workspace/avr-gcc-staging/label/Ubuntu14.04x64-mingw32/gcc-build/avr/avr25/libgcc/../../../../gcc/libgcc/config/avr/lib1funcs.S:1416
 8bc:	b7 07       	cpc	r27, r23
/home/jenkins-mingw32/workspace/avr-gcc-staging/label/Ubuntu14.04x64-mingw32/gcc-build/avr/avr25/libgcc/../../../../gcc/libgcc/config/avr/lib1funcs.S:1417
 8be:	10 f0       	brcs	.+4      	; 0x8c4 <__udivmodhi4_ep>
/home/jenkins-mingw32/workspace/avr-gcc-staging/label/Ubuntu14.04x64-mingw32/gcc-build/avr/avr25/libgcc/../../../../gcc/libgcc/config/avr/lib1funcs.S:1418
 8c0:	a6 1b       	sub	r26, r22
/home/jenkins-mingw32/workspace/avr-gcc-staging/label/Ubuntu14.04x64-mingw32/gcc-build/avr/avr25/libgcc/../../../../gcc/libgcc/config/avr/lib1funcs.S:1419
 8c2:	b7 0b       	sbc	r27, r23

000008c4 <__udivmodhi4_ep>:
/home/jenkins-mingw32/workspace/avr-gcc-staging/label/Ubuntu14.04x64-mingw32/gcc-build/avr/avr25/libgcc/../../../../gcc/libgcc/config/avr/lib1funcs.S:1421
 8c4:	88 1f       	adc	r24, r24
/home/jenkins-mingw32/workspace/avr-gcc-staging/label/Ubuntu14.04x64-mingw32/gcc-build/avr/avr25/libgcc/../../../../gcc/libgcc/config/avr/lib1funcs.S:1422
 8c6:	99 1f       	adc	r25, r25
/home/jenkins-mingw32/workspace/avr-gcc-staging/label/Ubuntu14.04x64-mingw32/gcc-build/avr/avr25/libgcc/../../../../gcc/libgcc/config/avr/lib1funcs.S:1423
 8c8:	5a 95       	dec	r21
/home/jenkins-mingw32/workspace/avr-gcc-staging/label/Ubuntu14.04x64-mingw32/gcc-build/avr/avr25/libgcc/../../../../gcc/libgcc/config/avr/lib1funcs.S:1424
 8ca:	a9 f7       	brne	.-22     	; 0x8b6 <__udivmodhi4_loop>
/home/jenkins-mingw32/workspace/avr-gcc-staging/label/Ubuntu14.04x64-mingw32/gcc-build/avr/avr25/libgcc/../../../../gcc/libgcc/config/avr/lib1funcs.S:1425
 8cc:	80 95       	com	r24
/home/jenkins-mingw32/workspace/avr-gcc-staging/label/Ubuntu14.04x64-mingw32/gcc-build/avr/avr25/libgcc/../../../../gcc/libgcc/config/avr/lib1funcs.S:1426
 8ce:	90 95       	com	r25
/home/jenkins-mingw32/workspace/avr-gcc-staging/label/Ubuntu14.04x64-mingw32/gcc-build/avr/avr25/libgcc/../../../../gcc/libgcc/config/avr/lib1funcs.S:1428
 8d0:	bc 01       	movw	r22, r24
/home/jenkins-mingw32/workspace/avr-gcc-staging/label/Ubuntu14.04x64-mingw32/gcc-build/avr/avr25/libgcc/../../../../gcc/libgcc/config/avr/lib1funcs.S:1430
 8d2:	cd 01       	movw	r24, r26
/home/jenkins-mingw32/workspace/avr-gcc-staging/label/Ubuntu14.04x64-mingw32/gcc-build/avr/avr25/libgcc/../../../../gcc/libgcc/config/avr/lib1funcs.S:1432
 8d4:	08 95       	ret

000008d6 <__divmodhi4>:
__divmodhi4():
/home/jenkins-mingw32/workspace/avr-gcc-staging/label/Ubuntu14.04x64-mingw32/gcc-build/avr/avr25/libgcc/../../../../gcc/libgcc/config/avr/lib1funcs.S:1440
 8d6:	97 fb       	bst	r25, 7
/home/jenkins-mingw32/workspace/avr-gcc-staging/label/Ubuntu14.04x64-mingw32/gcc-build/avr/avr25/libgcc/../../../../gcc/libgcc/config/avr/lib1funcs.S:1441
 8d8:	07 2e       	mov	r0, r23
/home/jenkins-mingw32/workspace/avr-gcc-staging/label/Ubuntu14.04x64-mingw32/gcc-build/avr/avr25/libgcc/../../../../gcc/libgcc/config/avr/lib1funcs.S:1442
 8da:	16 f4       	brtc	.+4      	; 0x8e0 <__divmodhi4+0xa>
/home/jenkins-mingw32/workspace/avr-gcc-staging/label/Ubuntu14.04x64-mingw32/gcc-build/avr/avr25/libgcc/../../../../gcc/libgcc/config/avr/lib1funcs.S:1443
 8dc:	00 94       	com	r0
/home/jenkins-mingw32/workspace/avr-gcc-staging/label/Ubuntu14.04x64-mingw32/gcc-build/avr/avr25/libgcc/../../../../gcc/libgcc/config/avr/lib1funcs.S:1444
 8de:	06 d0       	rcall	.+12     	; 0x8ec <__divmodhi4_neg1>
/home/jenkins-mingw32/workspace/avr-gcc-staging/label/Ubuntu14.04x64-mingw32/gcc-build/avr/avr25/libgcc/../../../../gcc/libgcc/config/avr/lib1funcs.S:1446
 8e0:	77 fd       	sbrc	r23, 7
/home/jenkins-mingw32/workspace/avr-gcc-staging/label/Ubuntu14.04x64-mingw32/gcc-build/avr/avr25/libgcc/../../../../gcc/libgcc/config/avr/lib1funcs.S:1447
 8e2:	08 d0       	rcall	.+16     	; 0x8f4 <__divmodhi4_neg2>
/home/jenkins-mingw32/workspace/avr-gcc-staging/label/Ubuntu14.04x64-mingw32/gcc-build/avr/avr25/libgcc/../../../../gcc/libgcc/config/avr/lib1funcs.S:1448
 8e4:	e4 df       	rcall	.-56     	; 0x8ae <__udivmodhi4>
/home/jenkins-mingw32/workspace/avr-gcc-staging/label/Ubuntu14.04x64-mingw32/gcc-build/avr/avr25/libgcc/../../../../gcc/libgcc/config/avr/lib1funcs.S:1449
 8e6:	07 fc       	sbrc	r0, 7
/home/jenkins-mingw32/workspace/avr-gcc-staging/label/Ubuntu14.04x64-mingw32/gcc-build/avr/avr25/libgcc/../../../../gcc/libgcc/config/avr/lib1funcs.S:1450
 8e8:	05 d0       	rcall	.+10     	; 0x8f4 <__divmodhi4_neg2>
/home/jenkins-mingw32/workspace/avr-gcc-staging/label/Ubuntu14.04x64-mingw32/gcc-build/avr/avr25/libgcc/../../../../gcc/libgcc/config/avr/lib1funcs.S:1451
 8ea:	3e f4       	brtc	.+14     	; 0x8fa <__divmodhi4_exit>

000008ec <__divmodhi4_neg1>:
/home/jenkins-mingw32/workspace/avr-gcc-staging/label/Ubuntu14.04x64-mingw32/gcc-build/avr/avr25/libgcc/../../../../gcc/libgcc/config/avr/lib1funcs.S:1454
 8ec:	90 95       	com	r25
/home/jenkins-mingw32/workspace/avr-gcc-staging/label/Ubuntu14.04x64-mingw32/gcc-build/avr/avr25/libgcc/../../../../gcc/libgcc/config/avr/lib1funcs.S:1455
 8ee:	81 95       	neg	r24
/home/jenkins-mingw32/workspace/avr-gcc-staging/label/Ubuntu14.04x64-mingw32/gcc-build/avr/avr25/libgcc/../../../../gcc/libgcc/config/avr/lib1funcs.S:1456
 8f0:	9f 4f       	sbci	r25, 0xFF	; 255
/home/jenkins-mingw32/workspace/avr-gcc-staging/label/Ubuntu14.04x64-mingw32/gcc-build/avr/avr25/libgcc/../../../../gcc/libgcc/config/avr/lib1funcs.S:1457
 8f2:	08 95       	ret

000008f4 <__divmodhi4_neg2>:
/home/jenkins-mingw32/workspace/avr-gcc-staging/label/Ubuntu14.04x64-mingw32/gcc-build/avr/avr25/libgcc/../../../../gcc/libgcc/config/avr/lib1funcs.S:1460
 8f4:	70 95       	com	r23
/home/jenkins-mingw32/workspace/avr-gcc-staging/label/Ubuntu14.04x64-mingw32/gcc-build/avr/avr25/libgcc/../../../../gcc/libgcc/config/avr/lib1funcs.S:1461
 8f6:	61 95       	neg	r22
/home/jenkins-mingw32/workspace/avr-gcc-staging/label/Ubuntu14.04x64-mingw32/gcc-build/avr/avr25/libgcc/../../../../gcc/libgcc/config/avr/lib1funcs.S:1462
 8f8:	7f 4f       	sbci	r23, 0xFF	; 255

000008fa <__divmodhi4_exit>:
/home/jenkins-mingw32/workspace/avr-gcc-staging/label/Ubuntu14.04x64-mingw32/gcc-build/avr/avr25/libgcc/../../../../gcc/libgcc/config/avr/lib1funcs.S:1464
 8fa:	08 95       	ret

000008fc <__tablejump2__>:
__tablejump2__():
/home/jenkins-mingw32/workspace/avr-gcc-staging/label/Ubuntu14.04x64-mingw32/gcc-build/avr/avr25/libgcc/../../../../gcc/libgcc/config/avr/lib1funcs.S:2296
 8fc:	ee 0f       	add	r30, r30
/home/jenkins-mingw32/workspace/avr-gcc-staging/label/Ubuntu14.04x64-mingw32/gcc-build/avr/avr25/libgcc/../../../../gcc/libgcc/config/avr/lib1funcs.S:2297
 8fe:	ff 1f       	adc	r31, r31
/home/jenkins-mingw32/workspace/avr-gcc-staging/label/Ubuntu14.04x64-mingw32/gcc-build/avr/avr25/libgcc/../../../../gcc/libgcc/config/avr/lib1funcs.S:2328
 900:	05 90       	lpm	r0, Z+
/home/jenkins-mingw32/workspace/avr-gcc-staging/label/Ubuntu14.04x64-mingw32/gcc-build/avr/avr25/libgcc/../../../../gcc/libgcc/config/avr/lib1funcs.S:2329
 902:	f4 91       	lpm	r31, Z
/home/jenkins-mingw32/workspace/avr-gcc-staging/label/Ubuntu14.04x64-mingw32/gcc-build/avr/avr25/libgcc/../../../../gcc/libgcc/config/avr/lib1funcs.S:2330
 904:	e0 2d       	mov	r30, r0
/home/jenkins-mingw32/workspace/avr-gcc-staging/label/Ubuntu14.04x64-mingw32/gcc-build/avr/avr25/libgcc/../../../../gcc/libgcc/config/avr/lib1funcs.S:2331
 906:	09 94       	ijmp

00000908 <sprintf>:
sprintf():
 908:	ae e0       	ldi	r26, 0x0E	; 14
 90a:	b0 e0       	ldi	r27, 0x00	; 0
 90c:	e9 e8       	ldi	r30, 0x89	; 137
 90e:	f4 e0       	ldi	r31, 0x04	; 4
 910:	a3 c2       	rjmp	.+1350   	; 0xe58 <__prologue_saves__+0x1c>
 912:	0d 89       	ldd	r16, Y+21	; 0x15
 914:	1e 89       	ldd	r17, Y+22	; 0x16
 916:	86 e0       	ldi	r24, 0x06	; 6
 918:	8c 83       	std	Y+4, r24	; 0x04
 91a:	1a 83       	std	Y+2, r17	; 0x02
 91c:	09 83       	std	Y+1, r16	; 0x01
 91e:	8f ef       	ldi	r24, 0xFF	; 255
 920:	9f e7       	ldi	r25, 0x7F	; 127
 922:	9e 83       	std	Y+6, r25	; 0x06
 924:	8d 83       	std	Y+5, r24	; 0x05
 926:	ae 01       	movw	r20, r28
 928:	47 5e       	subi	r20, 0xE7	; 231
 92a:	5f 4f       	sbci	r21, 0xFF	; 255
 92c:	6f 89       	ldd	r22, Y+23	; 0x17
 92e:	78 8d       	ldd	r23, Y+24	; 0x18
 930:	ce 01       	movw	r24, r28
 932:	01 96       	adiw	r24, 0x01	; 1
 934:	09 d0       	rcall	.+18     	; 0x948 <vfprintf>
 936:	2f 81       	ldd	r18, Y+7	; 0x07
 938:	38 85       	ldd	r19, Y+8	; 0x08
 93a:	02 0f       	add	r16, r18
 93c:	13 1f       	adc	r17, r19
 93e:	f8 01       	movw	r30, r16
 940:	10 82       	st	Z, r1
 942:	2e 96       	adiw	r28, 0x0e	; 14
 944:	e4 e0       	ldi	r30, 0x04	; 4
 946:	a4 c2       	rjmp	.+1352   	; 0xe90 <__epilogue_restores__+0x1c>

00000948 <vfprintf>:
vfprintf():
 948:	ab e0       	ldi	r26, 0x0B	; 11
 94a:	b0 e0       	ldi	r27, 0x00	; 0
 94c:	e9 ea       	ldi	r30, 0xA9	; 169
 94e:	f4 e0       	ldi	r31, 0x04	; 4
 950:	75 c2       	rjmp	.+1258   	; 0xe3c <__prologue_saves__>
 952:	7c 01       	movw	r14, r24
 954:	3b 01       	movw	r6, r22
 956:	8a 01       	movw	r16, r20
 958:	fc 01       	movw	r30, r24
 95a:	17 82       	std	Z+7, r1	; 0x07
 95c:	16 82       	std	Z+6, r1	; 0x06
 95e:	83 81       	ldd	r24, Z+3	; 0x03
 960:	81 ff       	sbrs	r24, 1
 962:	ba c1       	rjmp	.+884    	; 0xcd8 <vfprintf+0x390>
 964:	ce 01       	movw	r24, r28
 966:	01 96       	adiw	r24, 0x01	; 1
 968:	5c 01       	movw	r10, r24
 96a:	f7 01       	movw	r30, r14
 96c:	93 81       	ldd	r25, Z+3	; 0x03
 96e:	f3 01       	movw	r30, r6
 970:	93 fd       	sbrc	r25, 3
 972:	85 91       	lpm	r24, Z+
 974:	93 ff       	sbrs	r25, 3
 976:	81 91       	ld	r24, Z+
 978:	3f 01       	movw	r6, r30
 97a:	88 23       	and	r24, r24
 97c:	09 f4       	brne	.+2      	; 0x980 <vfprintf+0x38>
 97e:	49 c1       	rjmp	.+658    	; 0xc12 <vfprintf+0x2ca>
 980:	85 32       	cpi	r24, 0x25	; 37
 982:	39 f4       	brne	.+14     	; 0x992 <vfprintf+0x4a>
 984:	93 fd       	sbrc	r25, 3
 986:	85 91       	lpm	r24, Z+
 988:	93 ff       	sbrs	r25, 3
 98a:	81 91       	ld	r24, Z+
 98c:	3f 01       	movw	r6, r30
 98e:	85 32       	cpi	r24, 0x25	; 37
 990:	21 f4       	brne	.+8      	; 0x99a <vfprintf+0x52>
 992:	b7 01       	movw	r22, r14
 994:	90 e0       	ldi	r25, 0x00	; 0
 996:	b9 d1       	rcall	.+882    	; 0xd0a <fputc>
 998:	e8 cf       	rjmp	.-48     	; 0x96a <vfprintf+0x22>
 99a:	91 2c       	mov	r9, r1
 99c:	21 2c       	mov	r2, r1
 99e:	31 2c       	mov	r3, r1
 9a0:	ff e1       	ldi	r31, 0x1F	; 31
 9a2:	f3 15       	cp	r31, r3
 9a4:	38 f0       	brcs	.+14     	; 0x9b4 <vfprintf+0x6c>
 9a6:	8b 32       	cpi	r24, 0x2B	; 43
 9a8:	11 f1       	breq	.+68     	; 0x9ee <vfprintf+0xa6>
 9aa:	90 f4       	brcc	.+36     	; 0x9d0 <vfprintf+0x88>
 9ac:	80 32       	cpi	r24, 0x20	; 32
 9ae:	09 f1       	breq	.+66     	; 0x9f2 <vfprintf+0xaa>
 9b0:	83 32       	cpi	r24, 0x23	; 35
 9b2:	29 f1       	breq	.+74     	; 0x9fe <vfprintf+0xb6>
 9b4:	37 fc       	sbrc	r3, 7
 9b6:	3c c0       	rjmp	.+120    	; 0xa30 <vfprintf+0xe8>
 9b8:	20 ed       	ldi	r18, 0xD0	; 208
 9ba:	28 0f       	add	r18, r24
 9bc:	2a 30       	cpi	r18, 0x0A	; 10
 9be:	50 f5       	brcc	.+84     	; 0xa14 <vfprintf+0xcc>
 9c0:	36 fe       	sbrs	r3, 6
 9c2:	20 c0       	rjmp	.+64     	; 0xa04 <vfprintf+0xbc>
 9c4:	89 2d       	mov	r24, r9
 9c6:	6a e0       	ldi	r22, 0x0A	; 10
 9c8:	30 d2       	rcall	.+1120   	; 0xe2a <__mulqi3>
 9ca:	92 2e       	mov	r9, r18
 9cc:	98 0e       	add	r9, r24
 9ce:	06 c0       	rjmp	.+12     	; 0x9dc <vfprintf+0x94>
 9d0:	8d 32       	cpi	r24, 0x2D	; 45
 9d2:	91 f0       	breq	.+36     	; 0x9f8 <vfprintf+0xb0>
 9d4:	80 33       	cpi	r24, 0x30	; 48
 9d6:	71 f7       	brne	.-36     	; 0x9b4 <vfprintf+0x6c>
 9d8:	68 94       	set
 9da:	30 f8       	bld	r3, 0
 9dc:	f3 01       	movw	r30, r6
 9de:	93 fd       	sbrc	r25, 3
 9e0:	85 91       	lpm	r24, Z+
 9e2:	93 ff       	sbrs	r25, 3
 9e4:	81 91       	ld	r24, Z+
 9e6:	3f 01       	movw	r6, r30
 9e8:	81 11       	cpse	r24, r1
 9ea:	da cf       	rjmp	.-76     	; 0x9a0 <vfprintf+0x58>
 9ec:	21 c0       	rjmp	.+66     	; 0xa30 <vfprintf+0xe8>
 9ee:	68 94       	set
 9f0:	31 f8       	bld	r3, 1
 9f2:	68 94       	set
 9f4:	32 f8       	bld	r3, 2
 9f6:	f2 cf       	rjmp	.-28     	; 0x9dc <vfprintf+0x94>
 9f8:	68 94       	set
 9fa:	33 f8       	bld	r3, 3
 9fc:	ef cf       	rjmp	.-34     	; 0x9dc <vfprintf+0x94>
 9fe:	68 94       	set
 a00:	34 f8       	bld	r3, 4
 a02:	ec cf       	rjmp	.-40     	; 0x9dc <vfprintf+0x94>
 a04:	82 2d       	mov	r24, r2
 a06:	6a e0       	ldi	r22, 0x0A	; 10
 a08:	10 d2       	rcall	.+1056   	; 0xe2a <__mulqi3>
 a0a:	22 2e       	mov	r2, r18
 a0c:	28 0e       	add	r2, r24
 a0e:	68 94       	set
 a10:	35 f8       	bld	r3, 5
 a12:	e4 cf       	rjmp	.-56     	; 0x9dc <vfprintf+0x94>
 a14:	8e 32       	cpi	r24, 0x2E	; 46
 a16:	29 f4       	brne	.+10     	; 0xa22 <vfprintf+0xda>
 a18:	36 fc       	sbrc	r3, 6
 a1a:	fb c0       	rjmp	.+502    	; 0xc12 <vfprintf+0x2ca>
 a1c:	68 94       	set
 a1e:	36 f8       	bld	r3, 6
 a20:	dd cf       	rjmp	.-70     	; 0x9dc <vfprintf+0x94>
 a22:	8c 36       	cpi	r24, 0x6C	; 108
 a24:	19 f4       	brne	.+6      	; 0xa2c <vfprintf+0xe4>
 a26:	68 94       	set
 a28:	37 f8       	bld	r3, 7
 a2a:	d8 cf       	rjmp	.-80     	; 0x9dc <vfprintf+0x94>
 a2c:	88 36       	cpi	r24, 0x68	; 104
 a2e:	b1 f2       	breq	.-84     	; 0x9dc <vfprintf+0x94>
 a30:	98 2f       	mov	r25, r24
 a32:	9f 7d       	andi	r25, 0xDF	; 223
 a34:	95 54       	subi	r25, 0x45	; 69
 a36:	93 30       	cpi	r25, 0x03	; 3
 a38:	d8 f0       	brcs	.+54     	; 0xa70 <vfprintf+0x128>
 a3a:	83 36       	cpi	r24, 0x63	; 99
 a3c:	91 f1       	breq	.+100    	; 0xaa2 <vfprintf+0x15a>
 a3e:	83 37       	cpi	r24, 0x73	; 115
 a40:	b1 f1       	breq	.+108    	; 0xaae <vfprintf+0x166>
 a42:	83 35       	cpi	r24, 0x53	; 83
 a44:	09 f0       	breq	.+2      	; 0xa48 <vfprintf+0x100>
 a46:	5e c0       	rjmp	.+188    	; 0xb04 <vfprintf+0x1bc>
 a48:	28 01       	movw	r4, r16
 a4a:	f2 e0       	ldi	r31, 0x02	; 2
 a4c:	4f 0e       	add	r4, r31
 a4e:	51 1c       	adc	r5, r1
 a50:	f8 01       	movw	r30, r16
 a52:	c0 80       	ld	r12, Z
 a54:	d1 80       	ldd	r13, Z+1	; 0x01
 a56:	69 2d       	mov	r22, r9
 a58:	70 e0       	ldi	r23, 0x00	; 0
 a5a:	36 fc       	sbrc	r3, 6
 a5c:	02 c0       	rjmp	.+4      	; 0xa62 <vfprintf+0x11a>
 a5e:	6f ef       	ldi	r22, 0xFF	; 255
 a60:	7f ef       	ldi	r23, 0xFF	; 255
 a62:	c6 01       	movw	r24, r12
 a64:	3c d1       	rcall	.+632    	; 0xcde <strnlen_P>
 a66:	4c 01       	movw	r8, r24
 a68:	68 94       	set
 a6a:	37 f8       	bld	r3, 7
 a6c:	82 01       	movw	r16, r4
 a6e:	0a c0       	rjmp	.+20     	; 0xa84 <vfprintf+0x13c>
 a70:	0c 5f       	subi	r16, 0xFC	; 252
 a72:	1f 4f       	sbci	r17, 0xFF	; 255
 a74:	2f e3       	ldi	r18, 0x3F	; 63
 a76:	29 83       	std	Y+1, r18	; 0x01
 a78:	88 24       	eor	r8, r8
 a7a:	83 94       	inc	r8
 a7c:	91 2c       	mov	r9, r1
 a7e:	65 01       	movw	r12, r10
 a80:	e8 94       	clt
 a82:	37 f8       	bld	r3, 7
 a84:	33 fe       	sbrs	r3, 3
 a86:	2a c0       	rjmp	.+84     	; 0xadc <vfprintf+0x194>
 a88:	52 2c       	mov	r5, r2
 a8a:	81 14       	cp	r8, r1
 a8c:	91 04       	cpc	r9, r1
 a8e:	59 f5       	brne	.+86     	; 0xae6 <vfprintf+0x19e>
 a90:	55 20       	and	r5, r5
 a92:	09 f4       	brne	.+2      	; 0xa96 <vfprintf+0x14e>
 a94:	6a cf       	rjmp	.-300    	; 0x96a <vfprintf+0x22>
 a96:	b7 01       	movw	r22, r14
 a98:	80 e2       	ldi	r24, 0x20	; 32
 a9a:	90 e0       	ldi	r25, 0x00	; 0
 a9c:	36 d1       	rcall	.+620    	; 0xd0a <fputc>
 a9e:	5a 94       	dec	r5
 aa0:	f7 cf       	rjmp	.-18     	; 0xa90 <vfprintf+0x148>
 aa2:	f8 01       	movw	r30, r16
 aa4:	80 81       	ld	r24, Z
 aa6:	89 83       	std	Y+1, r24	; 0x01
 aa8:	0e 5f       	subi	r16, 0xFE	; 254
 aaa:	1f 4f       	sbci	r17, 0xFF	; 255
 aac:	e5 cf       	rjmp	.-54     	; 0xa78 <vfprintf+0x130>
 aae:	28 01       	movw	r4, r16
 ab0:	f2 e0       	ldi	r31, 0x02	; 2
 ab2:	4f 0e       	add	r4, r31
 ab4:	51 1c       	adc	r5, r1
 ab6:	f8 01       	movw	r30, r16
 ab8:	c0 80       	ld	r12, Z
 aba:	d1 80       	ldd	r13, Z+1	; 0x01
 abc:	69 2d       	mov	r22, r9
 abe:	70 e0       	ldi	r23, 0x00	; 0
 ac0:	36 fc       	sbrc	r3, 6
 ac2:	02 c0       	rjmp	.+4      	; 0xac8 <vfprintf+0x180>
 ac4:	6f ef       	ldi	r22, 0xFF	; 255
 ac6:	7f ef       	ldi	r23, 0xFF	; 255
 ac8:	c6 01       	movw	r24, r12
 aca:	14 d1       	rcall	.+552    	; 0xcf4 <strnlen>
 acc:	4c 01       	movw	r8, r24
 ace:	82 01       	movw	r16, r4
 ad0:	d7 cf       	rjmp	.-82     	; 0xa80 <vfprintf+0x138>
 ad2:	b7 01       	movw	r22, r14
 ad4:	80 e2       	ldi	r24, 0x20	; 32
 ad6:	90 e0       	ldi	r25, 0x00	; 0
 ad8:	18 d1       	rcall	.+560    	; 0xd0a <fputc>
 ada:	2a 94       	dec	r2
 adc:	28 14       	cp	r2, r8
 ade:	19 04       	cpc	r1, r9
 ae0:	09 f0       	breq	.+2      	; 0xae4 <vfprintf+0x19c>
 ae2:	b8 f7       	brcc	.-18     	; 0xad2 <vfprintf+0x18a>
 ae4:	d1 cf       	rjmp	.-94     	; 0xa88 <vfprintf+0x140>
 ae6:	f6 01       	movw	r30, r12
 ae8:	37 fc       	sbrc	r3, 7
 aea:	85 91       	lpm	r24, Z+
 aec:	37 fe       	sbrs	r3, 7
 aee:	81 91       	ld	r24, Z+
 af0:	6f 01       	movw	r12, r30
 af2:	b7 01       	movw	r22, r14
 af4:	90 e0       	ldi	r25, 0x00	; 0
 af6:	09 d1       	rcall	.+530    	; 0xd0a <fputc>
 af8:	51 10       	cpse	r5, r1
 afa:	5a 94       	dec	r5
 afc:	f1 e0       	ldi	r31, 0x01	; 1
 afe:	8f 1a       	sub	r8, r31
 b00:	91 08       	sbc	r9, r1
 b02:	c3 cf       	rjmp	.-122    	; 0xa8a <vfprintf+0x142>
 b04:	84 36       	cpi	r24, 0x64	; 100
 b06:	19 f0       	breq	.+6      	; 0xb0e <vfprintf+0x1c6>
 b08:	89 36       	cpi	r24, 0x69	; 105
 b0a:	09 f0       	breq	.+2      	; 0xb0e <vfprintf+0x1c6>
 b0c:	73 c0       	rjmp	.+230    	; 0xbf4 <vfprintf+0x2ac>
 b0e:	f8 01       	movw	r30, r16
 b10:	37 fe       	sbrs	r3, 7
 b12:	67 c0       	rjmp	.+206    	; 0xbe2 <vfprintf+0x29a>
 b14:	60 81       	ld	r22, Z
 b16:	71 81       	ldd	r23, Z+1	; 0x01
 b18:	82 81       	ldd	r24, Z+2	; 0x02
 b1a:	93 81       	ldd	r25, Z+3	; 0x03
 b1c:	0c 5f       	subi	r16, 0xFC	; 252
 b1e:	1f 4f       	sbci	r17, 0xFF	; 255
 b20:	f3 2d       	mov	r31, r3
 b22:	ff 76       	andi	r31, 0x6F	; 111
 b24:	3f 2e       	mov	r3, r31
 b26:	97 ff       	sbrs	r25, 7
 b28:	09 c0       	rjmp	.+18     	; 0xb3c <vfprintf+0x1f4>
 b2a:	90 95       	com	r25
 b2c:	80 95       	com	r24
 b2e:	70 95       	com	r23
 b30:	61 95       	neg	r22
 b32:	7f 4f       	sbci	r23, 0xFF	; 255
 b34:	8f 4f       	sbci	r24, 0xFF	; 255
 b36:	9f 4f       	sbci	r25, 0xFF	; 255
 b38:	68 94       	set
 b3a:	37 f8       	bld	r3, 7
 b3c:	2a e0       	ldi	r18, 0x0A	; 10
 b3e:	30 e0       	ldi	r19, 0x00	; 0
 b40:	a5 01       	movw	r20, r10
 b42:	13 d1       	rcall	.+550    	; 0xd6a <__ultoa_invert>
 b44:	c8 2e       	mov	r12, r24
 b46:	ca 18       	sub	r12, r10
 b48:	dc 2c       	mov	r13, r12
 b4a:	83 2c       	mov	r8, r3
 b4c:	36 fe       	sbrs	r3, 6
 b4e:	0c c0       	rjmp	.+24     	; 0xb68 <vfprintf+0x220>
 b50:	e8 94       	clt
 b52:	80 f8       	bld	r8, 0
 b54:	c9 14       	cp	r12, r9
 b56:	40 f4       	brcc	.+16     	; 0xb68 <vfprintf+0x220>
 b58:	34 fe       	sbrs	r3, 4
 b5a:	05 c0       	rjmp	.+10     	; 0xb66 <vfprintf+0x21e>
 b5c:	32 fc       	sbrc	r3, 2
 b5e:	03 c0       	rjmp	.+6      	; 0xb66 <vfprintf+0x21e>
 b60:	f3 2d       	mov	r31, r3
 b62:	fe 7e       	andi	r31, 0xEE	; 238
 b64:	8f 2e       	mov	r8, r31
 b66:	d9 2c       	mov	r13, r9
 b68:	84 fe       	sbrs	r8, 4
 b6a:	90 c0       	rjmp	.+288    	; 0xc8c <vfprintf+0x344>
 b6c:	fe 01       	movw	r30, r28
 b6e:	ec 0d       	add	r30, r12
 b70:	f1 1d       	adc	r31, r1
 b72:	80 81       	ld	r24, Z
 b74:	80 33       	cpi	r24, 0x30	; 48
 b76:	09 f0       	breq	.+2      	; 0xb7a <vfprintf+0x232>
 b78:	82 c0       	rjmp	.+260    	; 0xc7e <vfprintf+0x336>
 b7a:	28 2d       	mov	r18, r8
 b7c:	29 7e       	andi	r18, 0xE9	; 233
 b7e:	82 2e       	mov	r8, r18
 b80:	88 2d       	mov	r24, r8
 b82:	88 70       	andi	r24, 0x08	; 8
 b84:	58 2e       	mov	r5, r24
 b86:	83 fc       	sbrc	r8, 3
 b88:	8f c0       	rjmp	.+286    	; 0xca8 <vfprintf+0x360>
 b8a:	80 fe       	sbrs	r8, 0
 b8c:	89 c0       	rjmp	.+274    	; 0xca0 <vfprintf+0x358>
 b8e:	9c 2c       	mov	r9, r12
 b90:	d2 14       	cp	r13, r2
 b92:	18 f4       	brcc	.+6      	; 0xb9a <vfprintf+0x252>
 b94:	2c 0c       	add	r2, r12
 b96:	92 2c       	mov	r9, r2
 b98:	9d 18       	sub	r9, r13
 b9a:	84 fe       	sbrs	r8, 4
 b9c:	8b c0       	rjmp	.+278    	; 0xcb4 <vfprintf+0x36c>
 b9e:	b7 01       	movw	r22, r14
 ba0:	80 e3       	ldi	r24, 0x30	; 48
 ba2:	90 e0       	ldi	r25, 0x00	; 0
 ba4:	b2 d0       	rcall	.+356    	; 0xd0a <fputc>
 ba6:	82 fe       	sbrs	r8, 2
 ba8:	08 c0       	rjmp	.+16     	; 0xbba <vfprintf+0x272>
 baa:	88 e7       	ldi	r24, 0x78	; 120
 bac:	90 e0       	ldi	r25, 0x00	; 0
 bae:	81 fe       	sbrs	r8, 1
 bb0:	02 c0       	rjmp	.+4      	; 0xbb6 <vfprintf+0x26e>
 bb2:	88 e5       	ldi	r24, 0x58	; 88
 bb4:	90 e0       	ldi	r25, 0x00	; 0
 bb6:	b7 01       	movw	r22, r14
 bb8:	a8 d0       	rcall	.+336    	; 0xd0a <fputc>
 bba:	c9 14       	cp	r12, r9
 bbc:	08 f4       	brcc	.+2      	; 0xbc0 <vfprintf+0x278>
 bbe:	86 c0       	rjmp	.+268    	; 0xccc <vfprintf+0x384>
 bc0:	ca 94       	dec	r12
 bc2:	d1 2c       	mov	r13, r1
 bc4:	9f ef       	ldi	r25, 0xFF	; 255
 bc6:	c9 1a       	sub	r12, r25
 bc8:	d9 0a       	sbc	r13, r25
 bca:	ca 0c       	add	r12, r10
 bcc:	db 1c       	adc	r13, r11
 bce:	f6 01       	movw	r30, r12
 bd0:	82 91       	ld	r24, -Z
 bd2:	6f 01       	movw	r12, r30
 bd4:	b7 01       	movw	r22, r14
 bd6:	90 e0       	ldi	r25, 0x00	; 0
 bd8:	98 d0       	rcall	.+304    	; 0xd0a <fputc>
 bda:	ac 14       	cp	r10, r12
 bdc:	bd 04       	cpc	r11, r13
 bde:	b9 f7       	brne	.-18     	; 0xbce <vfprintf+0x286>
 be0:	57 cf       	rjmp	.-338    	; 0xa90 <vfprintf+0x148>
 be2:	60 81       	ld	r22, Z
 be4:	71 81       	ldd	r23, Z+1	; 0x01
 be6:	07 2e       	mov	r0, r23
 be8:	00 0c       	add	r0, r0
 bea:	88 0b       	sbc	r24, r24
 bec:	99 0b       	sbc	r25, r25
 bee:	0e 5f       	subi	r16, 0xFE	; 254
 bf0:	1f 4f       	sbci	r17, 0xFF	; 255
 bf2:	96 cf       	rjmp	.-212    	; 0xb20 <vfprintf+0x1d8>
 bf4:	d3 2c       	mov	r13, r3
 bf6:	e8 94       	clt
 bf8:	d4 f8       	bld	r13, 4
 bfa:	2a e0       	ldi	r18, 0x0A	; 10
 bfc:	30 e0       	ldi	r19, 0x00	; 0
 bfe:	85 37       	cpi	r24, 0x75	; 117
 c00:	31 f1       	breq	.+76     	; 0xc4e <vfprintf+0x306>
 c02:	23 2d       	mov	r18, r3
 c04:	29 7f       	andi	r18, 0xF9	; 249
 c06:	d2 2e       	mov	r13, r18
 c08:	8f 36       	cpi	r24, 0x6F	; 111
 c0a:	f9 f0       	breq	.+62     	; 0xc4a <vfprintf+0x302>
 c0c:	40 f4       	brcc	.+16     	; 0xc1e <vfprintf+0x2d6>
 c0e:	88 35       	cpi	r24, 0x58	; 88
 c10:	a1 f0       	breq	.+40     	; 0xc3a <vfprintf+0x2f2>
 c12:	f7 01       	movw	r30, r14
 c14:	86 81       	ldd	r24, Z+6	; 0x06
 c16:	97 81       	ldd	r25, Z+7	; 0x07
 c18:	2b 96       	adiw	r28, 0x0b	; 11
 c1a:	e2 e1       	ldi	r30, 0x12	; 18
 c1c:	2b c1       	rjmp	.+598    	; 0xe74 <__epilogue_restores__>
 c1e:	80 37       	cpi	r24, 0x70	; 112
 c20:	49 f0       	breq	.+18     	; 0xc34 <vfprintf+0x2ec>
 c22:	88 37       	cpi	r24, 0x78	; 120
 c24:	b1 f7       	brne	.-20     	; 0xc12 <vfprintf+0x2ca>
 c26:	d4 fe       	sbrs	r13, 4
 c28:	02 c0       	rjmp	.+4      	; 0xc2e <vfprintf+0x2e6>
 c2a:	68 94       	set
 c2c:	d2 f8       	bld	r13, 2
 c2e:	20 e1       	ldi	r18, 0x10	; 16
 c30:	30 e0       	ldi	r19, 0x00	; 0
 c32:	0d c0       	rjmp	.+26     	; 0xc4e <vfprintf+0x306>
 c34:	68 94       	set
 c36:	d4 f8       	bld	r13, 4
 c38:	f6 cf       	rjmp	.-20     	; 0xc26 <vfprintf+0x2de>
 c3a:	34 fe       	sbrs	r3, 4
 c3c:	03 c0       	rjmp	.+6      	; 0xc44 <vfprintf+0x2fc>
 c3e:	82 2f       	mov	r24, r18
 c40:	86 60       	ori	r24, 0x06	; 6
 c42:	d8 2e       	mov	r13, r24
 c44:	20 e1       	ldi	r18, 0x10	; 16
 c46:	32 e0       	ldi	r19, 0x02	; 2
 c48:	02 c0       	rjmp	.+4      	; 0xc4e <vfprintf+0x306>
 c4a:	28 e0       	ldi	r18, 0x08	; 8
 c4c:	30 e0       	ldi	r19, 0x00	; 0
 c4e:	f8 01       	movw	r30, r16
 c50:	d7 fe       	sbrs	r13, 7
 c52:	0e c0       	rjmp	.+28     	; 0xc70 <vfprintf+0x328>
 c54:	60 81       	ld	r22, Z
 c56:	71 81       	ldd	r23, Z+1	; 0x01
 c58:	82 81       	ldd	r24, Z+2	; 0x02
 c5a:	93 81       	ldd	r25, Z+3	; 0x03
 c5c:	0c 5f       	subi	r16, 0xFC	; 252
 c5e:	1f 4f       	sbci	r17, 0xFF	; 255
 c60:	a5 01       	movw	r20, r10
 c62:	83 d0       	rcall	.+262    	; 0xd6a <__ultoa_invert>
 c64:	c8 2e       	mov	r12, r24
 c66:	ca 18       	sub	r12, r10
 c68:	3d 2c       	mov	r3, r13
 c6a:	e8 94       	clt
 c6c:	37 f8       	bld	r3, 7
 c6e:	6c cf       	rjmp	.-296    	; 0xb48 <vfprintf+0x200>
 c70:	60 81       	ld	r22, Z
 c72:	71 81       	ldd	r23, Z+1	; 0x01
 c74:	90 e0       	ldi	r25, 0x00	; 0
 c76:	80 e0       	ldi	r24, 0x00	; 0
 c78:	0e 5f       	subi	r16, 0xFE	; 254
 c7a:	1f 4f       	sbci	r17, 0xFF	; 255
 c7c:	f1 cf       	rjmp	.-30     	; 0xc60 <vfprintf+0x318>
 c7e:	82 fc       	sbrc	r8, 2
 c80:	02 c0       	rjmp	.+4      	; 0xc86 <vfprintf+0x33e>
 c82:	d3 94       	inc	r13
 c84:	7d cf       	rjmp	.-262    	; 0xb80 <vfprintf+0x238>
 c86:	d3 94       	inc	r13
 c88:	d3 94       	inc	r13
 c8a:	7a cf       	rjmp	.-268    	; 0xb80 <vfprintf+0x238>
 c8c:	88 2d       	mov	r24, r8
 c8e:	86 78       	andi	r24, 0x86	; 134
 c90:	09 f4       	brne	.+2      	; 0xc94 <vfprintf+0x34c>
 c92:	76 cf       	rjmp	.-276    	; 0xb80 <vfprintf+0x238>
 c94:	f6 cf       	rjmp	.-20     	; 0xc82 <vfprintf+0x33a>
 c96:	b7 01       	movw	r22, r14
 c98:	80 e2       	ldi	r24, 0x20	; 32
 c9a:	90 e0       	ldi	r25, 0x00	; 0
 c9c:	36 d0       	rcall	.+108    	; 0xd0a <fputc>
 c9e:	d3 94       	inc	r13
 ca0:	d2 14       	cp	r13, r2
 ca2:	c8 f3       	brcs	.-14     	; 0xc96 <vfprintf+0x34e>
 ca4:	51 2c       	mov	r5, r1
 ca6:	79 cf       	rjmp	.-270    	; 0xb9a <vfprintf+0x252>
 ca8:	52 2c       	mov	r5, r2
 caa:	5d 18       	sub	r5, r13
 cac:	d2 14       	cp	r13, r2
 cae:	08 f4       	brcc	.+2      	; 0xcb2 <vfprintf+0x36a>
 cb0:	74 cf       	rjmp	.-280    	; 0xb9a <vfprintf+0x252>
 cb2:	f8 cf       	rjmp	.-16     	; 0xca4 <vfprintf+0x35c>
 cb4:	88 2d       	mov	r24, r8
 cb6:	86 78       	andi	r24, 0x86	; 134
 cb8:	09 f4       	brne	.+2      	; 0xcbc <vfprintf+0x374>
 cba:	7f cf       	rjmp	.-258    	; 0xbba <vfprintf+0x272>
 cbc:	8b e2       	ldi	r24, 0x2B	; 43
 cbe:	81 fe       	sbrs	r8, 1
 cc0:	80 e2       	ldi	r24, 0x20	; 32
 cc2:	87 fc       	sbrc	r8, 7
 cc4:	8d e2       	ldi	r24, 0x2D	; 45
 cc6:	b7 01       	movw	r22, r14
 cc8:	90 e0       	ldi	r25, 0x00	; 0
 cca:	76 cf       	rjmp	.-276    	; 0xbb8 <vfprintf+0x270>
 ccc:	b7 01       	movw	r22, r14
 cce:	80 e3       	ldi	r24, 0x30	; 48
 cd0:	90 e0       	ldi	r25, 0x00	; 0
 cd2:	1b d0       	rcall	.+54     	; 0xd0a <fputc>
 cd4:	9a 94       	dec	r9
 cd6:	71 cf       	rjmp	.-286    	; 0xbba <vfprintf+0x272>
 cd8:	8f ef       	ldi	r24, 0xFF	; 255
 cda:	9f ef       	ldi	r25, 0xFF	; 255
 cdc:	9d cf       	rjmp	.-198    	; 0xc18 <vfprintf+0x2d0>

00000cde <strnlen_P>:
strnlen_P():
 cde:	fc 01       	movw	r30, r24
 ce0:	05 90       	lpm	r0, Z+
 ce2:	61 50       	subi	r22, 0x01	; 1
 ce4:	70 40       	sbci	r23, 0x00	; 0
 ce6:	01 10       	cpse	r0, r1
 ce8:	d8 f7       	brcc	.-10     	; 0xce0 <strnlen_P+0x2>
 cea:	80 95       	com	r24
 cec:	90 95       	com	r25
 cee:	8e 0f       	add	r24, r30
 cf0:	9f 1f       	adc	r25, r31
 cf2:	08 95       	ret

00000cf4 <strnlen>:
strnlen():
 cf4:	fc 01       	movw	r30, r24
 cf6:	61 50       	subi	r22, 0x01	; 1
 cf8:	70 40       	sbci	r23, 0x00	; 0
 cfa:	01 90       	ld	r0, Z+
 cfc:	01 10       	cpse	r0, r1
 cfe:	d8 f7       	brcc	.-10     	; 0xcf6 <strnlen+0x2>
 d00:	80 95       	com	r24
 d02:	90 95       	com	r25
 d04:	8e 0f       	add	r24, r30
 d06:	9f 1f       	adc	r25, r31
 d08:	08 95       	ret

00000d0a <fputc>:
fputc():
 d0a:	0f 93       	push	r16
 d0c:	1f 93       	push	r17
 d0e:	cf 93       	push	r28
 d10:	df 93       	push	r29
 d12:	18 2f       	mov	r17, r24
 d14:	09 2f       	mov	r16, r25
 d16:	eb 01       	movw	r28, r22
 d18:	8b 81       	ldd	r24, Y+3	; 0x03
 d1a:	81 fd       	sbrc	r24, 1
 d1c:	09 c0       	rjmp	.+18     	; 0xd30 <fputc+0x26>
 d1e:	1f ef       	ldi	r17, 0xFF	; 255
 d20:	0f ef       	ldi	r16, 0xFF	; 255
 d22:	81 2f       	mov	r24, r17
 d24:	90 2f       	mov	r25, r16
 d26:	df 91       	pop	r29
 d28:	cf 91       	pop	r28
 d2a:	1f 91       	pop	r17
 d2c:	0f 91       	pop	r16
 d2e:	08 95       	ret
 d30:	82 ff       	sbrs	r24, 2
 d32:	14 c0       	rjmp	.+40     	; 0xd5c <fputc+0x52>
 d34:	2e 81       	ldd	r18, Y+6	; 0x06
 d36:	3f 81       	ldd	r19, Y+7	; 0x07
 d38:	8c 81       	ldd	r24, Y+4	; 0x04
 d3a:	9d 81       	ldd	r25, Y+5	; 0x05
 d3c:	28 17       	cp	r18, r24
 d3e:	39 07       	cpc	r19, r25
 d40:	3c f4       	brge	.+14     	; 0xd50 <fputc+0x46>
 d42:	e8 81       	ld	r30, Y
 d44:	f9 81       	ldd	r31, Y+1	; 0x01
 d46:	cf 01       	movw	r24, r30
 d48:	01 96       	adiw	r24, 0x01	; 1
 d4a:	99 83       	std	Y+1, r25	; 0x01
 d4c:	88 83       	st	Y, r24
 d4e:	10 83       	st	Z, r17
 d50:	8e 81       	ldd	r24, Y+6	; 0x06
 d52:	9f 81       	ldd	r25, Y+7	; 0x07
 d54:	01 96       	adiw	r24, 0x01	; 1
 d56:	9f 83       	std	Y+7, r25	; 0x07
 d58:	8e 83       	std	Y+6, r24	; 0x06
 d5a:	e3 cf       	rjmp	.-58     	; 0xd22 <fputc+0x18>
 d5c:	e8 85       	ldd	r30, Y+8	; 0x08
 d5e:	f9 85       	ldd	r31, Y+9	; 0x09
 d60:	81 2f       	mov	r24, r17
 d62:	09 95       	icall
 d64:	89 2b       	or	r24, r25
 d66:	a1 f3       	breq	.-24     	; 0xd50 <fputc+0x46>
 d68:	da cf       	rjmp	.-76     	; 0xd1e <fputc+0x14>

00000d6a <__ultoa_invert>:
__ultoa_invert():
 d6a:	fa 01       	movw	r30, r20
 d6c:	aa 27       	eor	r26, r26
 d6e:	28 30       	cpi	r18, 0x08	; 8
 d70:	61 f1       	breq	.+88     	; 0xdca <__ultoa_invert+0x60>
 d72:	20 31       	cpi	r18, 0x10	; 16
 d74:	91 f1       	breq	.+100    	; 0xdda <__ultoa_invert+0x70>
 d76:	e8 94       	clt
 d78:	6f 93       	push	r22
 d7a:	6e 7f       	andi	r22, 0xFE	; 254
 d7c:	6e 5f       	subi	r22, 0xFE	; 254
 d7e:	7f 4f       	sbci	r23, 0xFF	; 255
 d80:	8f 4f       	sbci	r24, 0xFF	; 255
 d82:	9f 4f       	sbci	r25, 0xFF	; 255
 d84:	af 4f       	sbci	r26, 0xFF	; 255
 d86:	b1 e0       	ldi	r27, 0x01	; 1
 d88:	40 d0       	rcall	.+128    	; 0xe0a <__ultoa_invert+0xa0>
 d8a:	b4 e0       	ldi	r27, 0x04	; 4
 d8c:	3e d0       	rcall	.+124    	; 0xe0a <__ultoa_invert+0xa0>
 d8e:	67 0f       	add	r22, r23
 d90:	78 1f       	adc	r23, r24
 d92:	89 1f       	adc	r24, r25
 d94:	9a 1f       	adc	r25, r26
 d96:	a1 1d       	adc	r26, r1
 d98:	68 0f       	add	r22, r24
 d9a:	79 1f       	adc	r23, r25
 d9c:	8a 1f       	adc	r24, r26
 d9e:	91 1d       	adc	r25, r1
 da0:	a1 1d       	adc	r26, r1
 da2:	6a 0f       	add	r22, r26
 da4:	71 1d       	adc	r23, r1
 da6:	81 1d       	adc	r24, r1
 da8:	91 1d       	adc	r25, r1
 daa:	a1 1d       	adc	r26, r1
 dac:	22 d0       	rcall	.+68     	; 0xdf2 <__ultoa_invert+0x88>
 dae:	09 f4       	brne	.+2      	; 0xdb2 <__ultoa_invert+0x48>
 db0:	68 94       	set
 db2:	3f 91       	pop	r19
 db4:	06 2e       	mov	r0, r22
 db6:	00 0c       	add	r0, r0
 db8:	30 19       	sub	r19, r0
 dba:	00 0c       	add	r0, r0
 dbc:	00 0c       	add	r0, r0
 dbe:	30 19       	sub	r19, r0
 dc0:	30 5d       	subi	r19, 0xD0	; 208
 dc2:	31 93       	st	Z+, r19
 dc4:	ce f6       	brtc	.-78     	; 0xd78 <__ultoa_invert+0xe>
 dc6:	cf 01       	movw	r24, r30
 dc8:	08 95       	ret
 dca:	46 2f       	mov	r20, r22
 dcc:	47 70       	andi	r20, 0x07	; 7
 dce:	40 5d       	subi	r20, 0xD0	; 208
 dd0:	41 93       	st	Z+, r20
 dd2:	b3 e0       	ldi	r27, 0x03	; 3
 dd4:	0f d0       	rcall	.+30     	; 0xdf4 <__ultoa_invert+0x8a>
 dd6:	c9 f7       	brne	.-14     	; 0xdca <__ultoa_invert+0x60>
 dd8:	f6 cf       	rjmp	.-20     	; 0xdc6 <__ultoa_invert+0x5c>
 dda:	46 2f       	mov	r20, r22
 ddc:	4f 70       	andi	r20, 0x0F	; 15
 dde:	40 5d       	subi	r20, 0xD0	; 208
 de0:	4a 33       	cpi	r20, 0x3A	; 58
 de2:	18 f0       	brcs	.+6      	; 0xdea <__ultoa_invert+0x80>
 de4:	49 5d       	subi	r20, 0xD9	; 217
 de6:	31 fd       	sbrc	r19, 1
 de8:	40 52       	subi	r20, 0x20	; 32
 dea:	41 93       	st	Z+, r20
 dec:	02 d0       	rcall	.+4      	; 0xdf2 <__ultoa_invert+0x88>
 dee:	a9 f7       	brne	.-22     	; 0xdda <__ultoa_invert+0x70>
 df0:	ea cf       	rjmp	.-44     	; 0xdc6 <__ultoa_invert+0x5c>
 df2:	b4 e0       	ldi	r27, 0x04	; 4
 df4:	a6 95       	lsr	r26
 df6:	97 95       	ror	r25
 df8:	87 95       	ror	r24
 dfa:	77 95       	ror	r23
 dfc:	67 95       	ror	r22
 dfe:	ba 95       	dec	r27
 e00:	c9 f7       	brne	.-14     	; 0xdf4 <__ultoa_invert+0x8a>
 e02:	00 97       	sbiw	r24, 0x00	; 0
 e04:	61 05       	cpc	r22, r1
 e06:	71 05       	cpc	r23, r1
 e08:	08 95       	ret
 e0a:	9b 01       	movw	r18, r22
 e0c:	ac 01       	movw	r20, r24
 e0e:	0a 2e       	mov	r0, r26
 e10:	06 94       	lsr	r0
 e12:	57 95       	ror	r21
 e14:	47 95       	ror	r20
 e16:	37 95       	ror	r19
 e18:	27 95       	ror	r18
 e1a:	ba 95       	dec	r27
 e1c:	c9 f7       	brne	.-14     	; 0xe10 <__ultoa_invert+0xa6>
 e1e:	62 0f       	add	r22, r18
 e20:	73 1f       	adc	r23, r19
 e22:	84 1f       	adc	r24, r20
 e24:	95 1f       	adc	r25, r21
 e26:	a0 1d       	adc	r26, r0
 e28:	08 95       	ret

00000e2a <__mulqi3>:
__mulqi3():
/home/jenkins-mingw32/workspace/avr-gcc-staging/label/Ubuntu14.04x64-mingw32/gcc-build/avr/avr25/libgcc/../../../../gcc/libgcc/config/avr/lib1funcs.S:224
 e2a:	00 24       	eor	r0, r0

00000e2c <__mulqi3_loop>:
/home/jenkins-mingw32/workspace/avr-gcc-staging/label/Ubuntu14.04x64-mingw32/gcc-build/avr/avr25/libgcc/../../../../gcc/libgcc/config/avr/lib1funcs.S:226
 e2c:	80 fd       	sbrc	r24, 0
/home/jenkins-mingw32/workspace/avr-gcc-staging/label/Ubuntu14.04x64-mingw32/gcc-build/avr/avr25/libgcc/../../../../gcc/libgcc/config/avr/lib1funcs.S:227
 e2e:	06 0e       	add	r0, r22
/home/jenkins-mingw32/workspace/avr-gcc-staging/label/Ubuntu14.04x64-mingw32/gcc-build/avr/avr25/libgcc/../../../../gcc/libgcc/config/avr/lib1funcs.S:228
 e30:	66 0f       	add	r22, r22
/home/jenkins-mingw32/workspace/avr-gcc-staging/label/Ubuntu14.04x64-mingw32/gcc-build/avr/avr25/libgcc/../../../../gcc/libgcc/config/avr/lib1funcs.S:229
 e32:	11 f0       	breq	.+4      	; 0xe38 <__mulqi3_exit>
/home/jenkins-mingw32/workspace/avr-gcc-staging/label/Ubuntu14.04x64-mingw32/gcc-build/avr/avr25/libgcc/../../../../gcc/libgcc/config/avr/lib1funcs.S:230
 e34:	86 95       	lsr	r24
/home/jenkins-mingw32/workspace/avr-gcc-staging/label/Ubuntu14.04x64-mingw32/gcc-build/avr/avr25/libgcc/../../../../gcc/libgcc/config/avr/lib1funcs.S:231
 e36:	d1 f7       	brne	.-12     	; 0xe2c <__mulqi3_loop>

00000e38 <__mulqi3_exit>:
/home/jenkins-mingw32/workspace/avr-gcc-staging/label/Ubuntu14.04x64-mingw32/gcc-build/avr/avr25/libgcc/../../../../gcc/libgcc/config/avr/lib1funcs.S:233
 e38:	80 2d       	mov	r24, r0
/home/jenkins-mingw32/workspace/avr-gcc-staging/label/Ubuntu14.04x64-mingw32/gcc-build/avr/avr25/libgcc/../../../../gcc/libgcc/config/avr/lib1funcs.S:234
 e3a:	08 95       	ret

00000e3c <__prologue_saves__>:
__prologue_saves__():
/home/jenkins-mingw32/workspace/avr-gcc-staging/label/Ubuntu14.04x64-mingw32/gcc-build/avr/avr25/libgcc/../../../../gcc/libgcc/config/avr/lib1funcs.S:2169
 e3c:	2f 92       	push	r2
/home/jenkins-mingw32/workspace/avr-gcc-staging/label/Ubuntu14.04x64-mingw32/gcc-build/avr/avr25/libgcc/../../../../gcc/libgcc/config/avr/lib1funcs.S:2170
 e3e:	3f 92       	push	r3
/home/jenkins-mingw32/workspace/avr-gcc-staging/label/Ubuntu14.04x64-mingw32/gcc-build/avr/avr25/libgcc/../../../../gcc/libgcc/config/avr/lib1funcs.S:2171
 e40:	4f 92       	push	r4
/home/jenkins-mingw32/workspace/avr-gcc-staging/label/Ubuntu14.04x64-mingw32/gcc-build/avr/avr25/libgcc/../../../../gcc/libgcc/config/avr/lib1funcs.S:2172
 e42:	5f 92       	push	r5
/home/jenkins-mingw32/workspace/avr-gcc-staging/label/Ubuntu14.04x64-mingw32/gcc-build/avr/avr25/libgcc/../../../../gcc/libgcc/config/avr/lib1funcs.S:2173
 e44:	6f 92       	push	r6
/home/jenkins-mingw32/workspace/avr-gcc-staging/label/Ubuntu14.04x64-mingw32/gcc-build/avr/avr25/libgcc/../../../../gcc/libgcc/config/avr/lib1funcs.S:2174
 e46:	7f 92       	push	r7
/home/jenkins-mingw32/workspace/avr-gcc-staging/label/Ubuntu14.04x64-mingw32/gcc-build/avr/avr25/libgcc/../../../../gcc/libgcc/config/avr/lib1funcs.S:2175
 e48:	8f 92       	push	r8
/home/jenkins-mingw32/workspace/avr-gcc-staging/label/Ubuntu14.04x64-mingw32/gcc-build/avr/avr25/libgcc/../../../../gcc/libgcc/config/avr/lib1funcs.S:2176
 e4a:	9f 92       	push	r9
/home/jenkins-mingw32/workspace/avr-gcc-staging/label/Ubuntu14.04x64-mingw32/gcc-build/avr/avr25/libgcc/../../../../gcc/libgcc/config/avr/lib1funcs.S:2177
 e4c:	af 92       	push	r10
/home/jenkins-mingw32/workspace/avr-gcc-staging/label/Ubuntu14.04x64-mingw32/gcc-build/avr/avr25/libgcc/../../../../gcc/libgcc/config/avr/lib1funcs.S:2178
 e4e:	bf 92       	push	r11
/home/jenkins-mingw32/workspace/avr-gcc-staging/label/Ubuntu14.04x64-mingw32/gcc-build/avr/avr25/libgcc/../../../../gcc/libgcc/config/avr/lib1funcs.S:2179
 e50:	cf 92       	push	r12
/home/jenkins-mingw32/workspace/avr-gcc-staging/label/Ubuntu14.04x64-mingw32/gcc-build/avr/avr25/libgcc/../../../../gcc/libgcc/config/avr/lib1funcs.S:2180
 e52:	df 92       	push	r13
/home/jenkins-mingw32/workspace/avr-gcc-staging/label/Ubuntu14.04x64-mingw32/gcc-build/avr/avr25/libgcc/../../../../gcc/libgcc/config/avr/lib1funcs.S:2181
 e54:	ef 92       	push	r14
/home/jenkins-mingw32/workspace/avr-gcc-staging/label/Ubuntu14.04x64-mingw32/gcc-build/avr/avr25/libgcc/../../../../gcc/libgcc/config/avr/lib1funcs.S:2182
 e56:	ff 92       	push	r15
/home/jenkins-mingw32/workspace/avr-gcc-staging/label/Ubuntu14.04x64-mingw32/gcc-build/avr/avr25/libgcc/../../../../gcc/libgcc/config/avr/lib1funcs.S:2183
 e58:	0f 93       	push	r16
/home/jenkins-mingw32/workspace/avr-gcc-staging/label/Ubuntu14.04x64-mingw32/gcc-build/avr/avr25/libgcc/../../../../gcc/libgcc/config/avr/lib1funcs.S:2184
 e5a:	1f 93       	push	r17
/home/jenkins-mingw32/workspace/avr-gcc-staging/label/Ubuntu14.04x64-mingw32/gcc-build/avr/avr25/libgcc/../../../../gcc/libgcc/config/avr/lib1funcs.S:2185
 e5c:	cf 93       	push	r28
/home/jenkins-mingw32/workspace/avr-gcc-staging/label/Ubuntu14.04x64-mingw32/gcc-build/avr/avr25/libgcc/../../../../gcc/libgcc/config/avr/lib1funcs.S:2186
 e5e:	df 93       	push	r29
/home/jenkins-mingw32/workspace/avr-gcc-staging/label/Ubuntu14.04x64-mingw32/gcc-build/avr/avr25/libgcc/../../../../gcc/libgcc/config/avr/lib1funcs.S:2200
 e60:	cd b7       	in	r28, 0x3d	; 61
/home/jenkins-mingw32/workspace/avr-gcc-staging/label/Ubuntu14.04x64-mingw32/gcc-build/avr/avr25/libgcc/../../../../gcc/libgcc/config/avr/lib1funcs.S:2201
 e62:	de b7       	in	r29, 0x3e	; 62
/home/jenkins-mingw32/workspace/avr-gcc-staging/label/Ubuntu14.04x64-mingw32/gcc-build/avr/avr25/libgcc/../../../../gcc/libgcc/config/avr/lib1funcs.S:2202
 e64:	ca 1b       	sub	r28, r26
/home/jenkins-mingw32/workspace/avr-gcc-staging/label/Ubuntu14.04x64-mingw32/gcc-build/avr/avr25/libgcc/../../../../gcc/libgcc/config/avr/lib1funcs.S:2203
 e66:	db 0b       	sbc	r29, r27
/home/jenkins-mingw32/workspace/avr-gcc-staging/label/Ubuntu14.04x64-mingw32/gcc-build/avr/avr25/libgcc/../../../../gcc/libgcc/config/avr/lib1funcs.S:2204
 e68:	0f b6       	in	r0, 0x3f	; 63
/home/jenkins-mingw32/workspace/avr-gcc-staging/label/Ubuntu14.04x64-mingw32/gcc-build/avr/avr25/libgcc/../../../../gcc/libgcc/config/avr/lib1funcs.S:2205
 e6a:	f8 94       	cli
/home/jenkins-mingw32/workspace/avr-gcc-staging/label/Ubuntu14.04x64-mingw32/gcc-build/avr/avr25/libgcc/../../../../gcc/libgcc/config/avr/lib1funcs.S:2206
 e6c:	de bf       	out	0x3e, r29	; 62
/home/jenkins-mingw32/workspace/avr-gcc-staging/label/Ubuntu14.04x64-mingw32/gcc-build/avr/avr25/libgcc/../../../../gcc/libgcc/config/avr/lib1funcs.S:2207
 e6e:	0f be       	out	0x3f, r0	; 63
/home/jenkins-mingw32/workspace/avr-gcc-staging/label/Ubuntu14.04x64-mingw32/gcc-build/avr/avr25/libgcc/../../../../gcc/libgcc/config/avr/lib1funcs.S:2208
 e70:	cd bf       	out	0x3d, r28	; 61
/home/jenkins-mingw32/workspace/avr-gcc-staging/label/Ubuntu14.04x64-mingw32/gcc-build/avr/avr25/libgcc/../../../../gcc/libgcc/config/avr/lib1funcs.S:2211
 e72:	09 94       	ijmp

00000e74 <__epilogue_restores__>:
__epilogue_restores__():
/home/jenkins-mingw32/workspace/avr-gcc-staging/label/Ubuntu14.04x64-mingw32/gcc-build/avr/avr25/libgcc/../../../../gcc/libgcc/config/avr/lib1funcs.S:2222
 e74:	2a 88       	ldd	r2, Y+18	; 0x12
/home/jenkins-mingw32/workspace/avr-gcc-staging/label/Ubuntu14.04x64-mingw32/gcc-build/avr/avr25/libgcc/../../../../gcc/libgcc/config/avr/lib1funcs.S:2223
 e76:	39 88       	ldd	r3, Y+17	; 0x11
/home/jenkins-mingw32/workspace/avr-gcc-staging/label/Ubuntu14.04x64-mingw32/gcc-build/avr/avr25/libgcc/../../../../gcc/libgcc/config/avr/lib1funcs.S:2224
 e78:	48 88       	ldd	r4, Y+16	; 0x10
/home/jenkins-mingw32/workspace/avr-gcc-staging/label/Ubuntu14.04x64-mingw32/gcc-build/avr/avr25/libgcc/../../../../gcc/libgcc/config/avr/lib1funcs.S:2225
 e7a:	5f 84       	ldd	r5, Y+15	; 0x0f
/home/jenkins-mingw32/workspace/avr-gcc-staging/label/Ubuntu14.04x64-mingw32/gcc-build/avr/avr25/libgcc/../../../../gcc/libgcc/config/avr/lib1funcs.S:2226
 e7c:	6e 84       	ldd	r6, Y+14	; 0x0e
/home/jenkins-mingw32/workspace/avr-gcc-staging/label/Ubuntu14.04x64-mingw32/gcc-build/avr/avr25/libgcc/../../../../gcc/libgcc/config/avr/lib1funcs.S:2227
 e7e:	7d 84       	ldd	r7, Y+13	; 0x0d
/home/jenkins-mingw32/workspace/avr-gcc-staging/label/Ubuntu14.04x64-mingw32/gcc-build/avr/avr25/libgcc/../../../../gcc/libgcc/config/avr/lib1funcs.S:2228
 e80:	8c 84       	ldd	r8, Y+12	; 0x0c
/home/jenkins-mingw32/workspace/avr-gcc-staging/label/Ubuntu14.04x64-mingw32/gcc-build/avr/avr25/libgcc/../../../../gcc/libgcc/config/avr/lib1funcs.S:2229
 e82:	9b 84       	ldd	r9, Y+11	; 0x0b
/home/jenkins-mingw32/workspace/avr-gcc-staging/label/Ubuntu14.04x64-mingw32/gcc-build/avr/avr25/libgcc/../../../../gcc/libgcc/config/avr/lib1funcs.S:2230
 e84:	aa 84       	ldd	r10, Y+10	; 0x0a
/home/jenkins-mingw32/workspace/avr-gcc-staging/label/Ubuntu14.04x64-mingw32/gcc-build/avr/avr25/libgcc/../../../../gcc/libgcc/config/avr/lib1funcs.S:2231
 e86:	b9 84       	ldd	r11, Y+9	; 0x09
/home/jenkins-mingw32/workspace/avr-gcc-staging/label/Ubuntu14.04x64-mingw32/gcc-build/avr/avr25/libgcc/../../../../gcc/libgcc/config/avr/lib1funcs.S:2232
 e88:	c8 84       	ldd	r12, Y+8	; 0x08
/home/jenkins-mingw32/workspace/avr-gcc-staging/label/Ubuntu14.04x64-mingw32/gcc-build/avr/avr25/libgcc/../../../../gcc/libgcc/config/avr/lib1funcs.S:2233
 e8a:	df 80       	ldd	r13, Y+7	; 0x07
/home/jenkins-mingw32/workspace/avr-gcc-staging/label/Ubuntu14.04x64-mingw32/gcc-build/avr/avr25/libgcc/../../../../gcc/libgcc/config/avr/lib1funcs.S:2234
 e8c:	ee 80       	ldd	r14, Y+6	; 0x06
/home/jenkins-mingw32/workspace/avr-gcc-staging/label/Ubuntu14.04x64-mingw32/gcc-build/avr/avr25/libgcc/../../../../gcc/libgcc/config/avr/lib1funcs.S:2235
 e8e:	fd 80       	ldd	r15, Y+5	; 0x05
/home/jenkins-mingw32/workspace/avr-gcc-staging/label/Ubuntu14.04x64-mingw32/gcc-build/avr/avr25/libgcc/../../../../gcc/libgcc/config/avr/lib1funcs.S:2236
 e90:	0c 81       	ldd	r16, Y+4	; 0x04
/home/jenkins-mingw32/workspace/avr-gcc-staging/label/Ubuntu14.04x64-mingw32/gcc-build/avr/avr25/libgcc/../../../../gcc/libgcc/config/avr/lib1funcs.S:2237
 e92:	1b 81       	ldd	r17, Y+3	; 0x03
/home/jenkins-mingw32/workspace/avr-gcc-staging/label/Ubuntu14.04x64-mingw32/gcc-build/avr/avr25/libgcc/../../../../gcc/libgcc/config/avr/lib1funcs.S:2238
 e94:	aa 81       	ldd	r26, Y+2	; 0x02
/home/jenkins-mingw32/workspace/avr-gcc-staging/label/Ubuntu14.04x64-mingw32/gcc-build/avr/avr25/libgcc/../../../../gcc/libgcc/config/avr/lib1funcs.S:2252
 e96:	b9 81       	ldd	r27, Y+1	; 0x01
/home/jenkins-mingw32/workspace/avr-gcc-staging/label/Ubuntu14.04x64-mingw32/gcc-build/avr/avr25/libgcc/../../../../gcc/libgcc/config/avr/lib1funcs.S:2253
 e98:	ce 0f       	add	r28, r30
/home/jenkins-mingw32/workspace/avr-gcc-staging/label/Ubuntu14.04x64-mingw32/gcc-build/avr/avr25/libgcc/../../../../gcc/libgcc/config/avr/lib1funcs.S:2254
 e9a:	d1 1d       	adc	r29, r1
/home/jenkins-mingw32/workspace/avr-gcc-staging/label/Ubuntu14.04x64-mingw32/gcc-build/avr/avr25/libgcc/../../../../gcc/libgcc/config/avr/lib1funcs.S:2255
 e9c:	0f b6       	in	r0, 0x3f	; 63
/home/jenkins-mingw32/workspace/avr-gcc-staging/label/Ubuntu14.04x64-mingw32/gcc-build/avr/avr25/libgcc/../../../../gcc/libgcc/config/avr/lib1funcs.S:2256
 e9e:	f8 94       	cli
/home/jenkins-mingw32/workspace/avr-gcc-staging/label/Ubuntu14.04x64-mingw32/gcc-build/avr/avr25/libgcc/../../../../gcc/libgcc/config/avr/lib1funcs.S:2257
 ea0:	de bf       	out	0x3e, r29	; 62
/home/jenkins-mingw32/workspace/avr-gcc-staging/label/Ubuntu14.04x64-mingw32/gcc-build/avr/avr25/libgcc/../../../../gcc/libgcc/config/avr/lib1funcs.S:2258
 ea2:	0f be       	out	0x3f, r0	; 63
/home/jenkins-mingw32/workspace/avr-gcc-staging/label/Ubuntu14.04x64-mingw32/gcc-build/avr/avr25/libgcc/../../../../gcc/libgcc/config/avr/lib1funcs.S:2259
 ea4:	cd bf       	out	0x3d, r28	; 61
/home/jenkins-mingw32/workspace/avr-gcc-staging/label/Ubuntu14.04x64-mingw32/gcc-build/avr/avr25/libgcc/../../../../gcc/libgcc/config/avr/lib1funcs.S:2260
 ea6:	ed 01       	movw	r28, r26
/home/jenkins-mingw32/workspace/avr-gcc-staging/label/Ubuntu14.04x64-mingw32/gcc-build/avr/avr25/libgcc/../../../../gcc/libgcc/config/avr/lib1funcs.S:2263
 ea8:	08 95       	ret

00000eaa <_exit>:
exit():
/home/jenkins-mingw32/workspace/avr-gcc-staging/label/Ubuntu14.04x64-mingw32/gcc-build/avr/avr25/libgcc/../../../../gcc/libgcc/config/avr/lib1funcs.S:2278
 eaa:	f8 94       	cli

00000eac <__stop_program>:
__stop_program():
/home/jenkins-mingw32/workspace/avr-gcc-staging/label/Ubuntu14.04x64-mingw32/gcc-build/avr/avr25/libgcc/../../../../gcc/libgcc/config/avr/lib1funcs.S:2280
 eac:	ff cf       	rjmp	.-2      	; 0xeac <__stop_program>
